State,District,Location,Latitude,Longitude,Population,Cattle_Count,Poultry_Count,Cluster_ID,Recommended_Hub,Human_Waste_kg_day,Animal_Waste_kg_day,Total_Waste_kg_day,Estimated_Methane_m3_day,CO2e_Reduction_kg_day
Maharashtra,Pune,Pune,18.5204,73.8567,7200000,210000,500000,3,Hub_3,2880000.0,2100000.0,4980000.0,1992000.0,3984000.0
Maharashtra,Solapur,Solapur,17.6599,75.9064,1000000,120000,200000,4,Hub_4,400000.0,1200000.0,1600000.0,640000.0,1280000.0
Maharashtra,Mumbai,Mumbai,19.076,72.8777,20400000,350000,800000,1,Hub_1,8160000.0,3500000.0,11660000.0,4664000.0,9328000.0
Karnataka,Bengaluru Urban,Bengaluru,12.9716,77.5946,12500000,180000,600000,2,Hub_2,5000000.0,1800000.0,6800000.0,2720000.0,5440000.0
Tamil Nadu,Chennai,Chennai,13.0827,80.2707,11000000,150000,300000,5,Hub_5,4400000.0,1500000.0,5900000.0,2360000.0,4720000.0
Telangana,Hyderabad,Hyderabad,17.385,78.4867,10000000,140000,280000,6,Hub_6,4000000.0,1400000.0,5400000.0,2160000.0,4320000.0
Delhi,Central Delhi,Delhi,28.6139,77.209,19000000,300000,500000,7,Hub_7,7600000.0,3000000.0,10600000.0,4240000.0,8480000.0
West Bengal,Kolkata,Kolkata,22.5726,88.3639,14800000,200000,350000,8,Hub_8,5920000.0,2000000.0,7920000.0,3168000.0,6336000.0
Uttar Pradesh,Lucknow,Lucknow,26.8467,80.9462,3600000,280000,350000,9,Hub_9,1440000.0,2800000.0,4240000.0,1696000.0,3392000.0
Gujarat,Ahmedabad,Ahmedabad,23.0225,72.5714,8000000,250000,450000,10,Hub_10,3200000.0,2500000.0,5700000.0,2280000.0,4560000.0
Rajasthan,Jaipur,Jaipur,26.9124,75.7873,4100000,300000,400000,11,Hub_11,1640000.0,3000000.0,4640000.0,1856000.0,3712000.0
Madhya Pradesh,Indore,Indore,22.7196,75.8577,3000000,220000,320000,12,Hub_12,1200000.0,2200000.0,3400000.0,1360000.0,2720000.0
Bihar,Patna,Patna,25.5941,85.1376,2500000,180000,250000,13,Hub_13,1000000.0,1800000.0,2800000.0,1120000.0,2240000.0
Punjab,Ludhiana,Ludhiana,30.9,75.8573,2000000,350000,300000,14,Hub_14,800000.0,3500000.0,4300000.0,1720000.0,3440000.0
Haryana,Gurugram,Gurugram,28.4595,77.0266,1800000,90000,200000,15,Hub_15,720000.0,900000.0,1620000.0,648000.0,1296000.0
Odisha,Bhubaneswar,Bhubaneswar,20.2961,85.8245,1200000,100000,150000,16,Hub_16,480000.0,1000000.0,1480000.0,592000.0,1184000.0
Kerala,Kochi,Kochi,9.9312,76.2673,2100000,80000,180000,17,Hub_17,840000.0,800000.0,1640000.0,656000.0,1312000.0
Assam,Guwahati,Guwahati,26.1445,91.7362,1100000,90000,150000,18,Hub_18,440000.0,900000.0,1340000.0,536000.0,1072000.0
Jharkhand,Ranchi,Ranchi,23.3441,85.3096,1000000,85000,120000,19,Hub_19,400000.0,850000.0,1250000.0,500000.0,1000000.0
Chhattisgarh,Raipur,Raipur,21.2514,81.6296,950000,95000,110000,20,Hub_20,380000.0,950000.0,1330000.0,532000.0,1064000.0
Maharashtra,Pune,Pune_Village_1,18.5304,73.86670000000001,14400,630,1500,3,Hub_3,5760.0,6300.0,12060.0,4824.0,9648.0
Maharashtra,Pune,Pune_Village_2,18.540399999999998,73.8767,28800,1260,3000,3,Hub_3,11520.0,12600.0,24120.0,9648.0,19296.0
Maharashtra,Pune,Pune_Village_3,18.5504,73.8867,43200,1890,4500,3,Hub_3,17280.0,18900.0,36180.0,14472.0,28944.0
Maharashtra,Pune,Pune_Village_4,18.560399999999998,73.89670000000001,57600,2520,6000,3,Hub_3,23040.0,25200.0,48240.0,19296.0,38592.0
Maharashtra,Pune,Pune_Village_5,18.5704,73.9067,72000,3150,7500,3,Hub_3,28800.0,31500.0,60300.0,24120.0,48240.0
Maharashtra,Pune,Pune_Village_6,18.580399999999997,73.9167,86400,3780,9000,3,Hub_3,34560.0,37800.0,72360.0,28944.0,57888.0
Maharashtra,Pune,Pune_Village_7,18.5904,73.9267,100800,4410,10500,3,Hub_3,40320.0,44100.0,84420.0,33768.0,67536.0
Maharashtra,Pune,Pune_Village_8,18.600399999999997,73.9367,115200,5040,12000,3,Hub_3,46080.0,50400.0,96480.0,38592.0,77184.0
Maharashtra,Pune,Pune_Village_9,18.6104,73.9467,129600,5670,13500,3,Hub_3,51840.0,56700.0,108540.0,43416.0,86832.0
Maharashtra,Pune,Pune_Village_10,18.6204,73.9567,144000,6300,15000,3,Hub_3,57600.0,63000.0,120600.0,48240.0,96480.0
Maharashtra,Pune,Pune_Village_11,18.630399999999998,73.9667,158400,6930,16500,3,Hub_3,63360.0,69300.0,132660.0,53064.0,106128.0
Maharashtra,Pune,Pune_Village_12,18.6404,73.97670000000001,172800,7560,18000,3,Hub_3,69120.0,75600.0,144720.0,57888.0,115776.0
Maharashtra,Pune,Pune_Village_13,18.650399999999998,73.9867,187200,8190,19500,3,Hub_3,74880.0,81900.0,156780.0,62712.0,125424.0
Maharashtra,Pune,Pune_Village_14,18.6604,73.9967,201600,8820,21000,3,Hub_3,80640.0,88200.0,168840.0,67536.0,135072.0
Maharashtra,Pune,Pune_Village_15,18.670399999999997,74.00670000000001,216000,9450,22500,3,Hub_3,86400.0,94500.0,180900.0,72360.0,144720.0
Maharashtra,Pune,Pune_Village_16,18.6804,74.0167,230400,10080,24000,3,Hub_3,92160.0,100800.0,192960.0,77184.0,154368.0
Maharashtra,Pune,Pune_Village_17,18.6904,74.0267,244800,10710,25500,3,Hub_3,97920.0,107100.0,205020.0,82008.0,164016.0
Maharashtra,Pune,Pune_Village_18,18.7004,74.03670000000001,259200,11340,27000,3,Hub_3,103680.0,113400.0,217080.0,86832.0,173664.0
Maharashtra,Pune,Pune_Village_19,18.7104,74.0467,273600,11970,28500,3,Hub_3,109440.0,119700.0,229140.0,91656.0,183312.0
Maharashtra,Pune,Pune_Village_20,18.720399999999998,74.0567,288000,12600,30000,3,Hub_3,115200.0,126000.0,241200.0,96480.0,192960.0
Maharashtra,Pune,Pune_Village_21,18.7304,74.0667,302400,13230,31500,3,Hub_3,120960.0,132300.0,253260.0,101304.0,202608.0
Maharashtra,Pune,Pune_Village_22,18.740399999999998,74.0767,316800,13860,33000,3,Hub_3,126720.0,138600.0,265320.0,106128.0,212256.0
Maharashtra,Pune,Pune_Village_23,18.7504,74.08670000000001,331200,14490,34500,3,Hub_3,132480.0,144900.0,277380.0,110952.0,221904.0
Maharashtra,Pune,Pune_Village_24,18.760399999999997,74.0967,345600,15120,36000,3,Hub_3,138240.0,151200.0,289440.0,115776.0,231552.0
Maharashtra,Pune,Pune_Village_25,18.7704,74.1067,360000,15750,37500,3,Hub_3,144000.0,157500.0,301500.0,120600.0,241200.0
Maharashtra,Pune,Pune_Village_26,18.7804,74.11670000000001,374400,16380,39000,3,Hub_3,149760.0,163800.0,313560.0,125424.0,250848.0
Maharashtra,Pune,Pune_Village_27,18.790399999999998,74.1267,388800,17010,40500,3,Hub_3,155520.0,170100.0,325620.0,130248.0,260496.0
Maharashtra,Pune,Pune_Village_28,18.8004,74.1367,403200,17640,42000,3,Hub_3,161280.0,176400.0,337680.0,135072.0,270144.0
Maharashtra,Pune,Pune_Village_29,18.810399999999998,74.14670000000001,417600,18270,43500,3,Hub_3,167040.0,182700.0,349740.0,139896.0,279792.0
Maharashtra,Pune,Pune_Village_30,18.8204,74.1567,432000,18900,45000,3,Hub_3,172800.0,189000.0,361800.0,144720.0,289440.0
Maharashtra,Pune,Pune_Village_31,18.830399999999997,74.1667,446400,19530,46500,3,Hub_3,178560.0,195300.0,373860.0,149544.0,299088.0
Maharashtra,Pune,Pune_Village_32,18.8404,74.1767,460800,20160,48000,3,Hub_3,184320.0,201600.0,385920.0,154368.0,308736.0
Maharashtra,Pune,Pune_Village_33,18.850399999999997,74.1867,475200,20790,49500,3,Hub_3,190080.0,207900.0,397980.0,159192.0,318384.0
Maharashtra,Pune,Pune_Village_34,18.8604,74.1967,489600,21420,51000,3,Hub_3,195840.0,214200.0,410040.0,164016.0,328032.0
Maharashtra,Pune,Pune_Village_35,18.8704,74.2067,504000,22050,52500,3,Hub_3,201600.0,220500.0,422100.0,168840.0,337680.0
Maharashtra,Pune,Pune_Village_36,18.880399999999998,74.2167,518400,22680,54000,3,Hub_3,207360.0,226800.0,434160.0,173664.0,347328.0
Maharashtra,Pune,Pune_Village_37,18.8904,74.22670000000001,532800,23310,55500,3,Hub_3,213120.0,233100.0,446220.0,178488.0,356976.0
Maharashtra,Pune,Pune_Village_38,18.900399999999998,74.2367,547200,23940,57000,3,Hub_3,218880.0,239400.0,458280.0,183312.0,366624.0
Maharashtra,Pune,Pune_Village_39,18.9104,74.2467,561600,24570,58500,3,Hub_3,224640.0,245700.0,470340.0,188136.0,376272.0
Maharashtra,Pune,Pune_Village_40,18.920399999999997,74.25670000000001,576000,25200,60000,3,Hub_3,230400.0,252000.0,482400.0,192960.0,385920.0
Maharashtra,Pune,Pune_Village_41,18.9304,74.2667,590400,25830,61500,3,Hub_3,236160.0,258300.0,494460.0,197784.0,395568.0
Maharashtra,Pune,Pune_Village_42,18.9404,74.2767,604800,26460,63000,3,Hub_3,241920.0,264600.0,506520.0,202608.0,405216.0
Maharashtra,Pune,Pune_Village_43,18.9504,74.28670000000001,619200,27090,64500,3,Hub_3,247680.0,270900.0,518580.0,207432.0,414864.0
Maharashtra,Pune,Pune_Village_44,18.9604,74.2967,633600,27720,66000,3,Hub_3,253440.0,277200.0,530640.0,212256.0,424512.0
Maharashtra,Pune,Pune_Village_45,18.970399999999998,74.3067,648000,28350,67500,3,Hub_3,259200.0,283500.0,542700.0,217080.0,434160.0
Maharashtra,Pune,Pune_Village_46,18.9804,74.3167,662400,28980,69000,3,Hub_3,264960.0,289800.0,554760.0,221904.0,443808.0
Maharashtra,Pune,Pune_Village_47,18.990399999999998,74.3267,676800,29610,70500,3,Hub_3,270720.0,296100.0,566820.0,226728.0,453456.0
Maharashtra,Pune,Pune_Village_48,19.0004,74.33670000000001,691200,30240,72000,3,Hub_3,276480.0,302400.0,578880.0,231552.0,463104.0
Maharashtra,Pune,Pune_Village_49,19.010399999999997,74.3467,705600,30870,73500,3,Hub_3,282240.0,308700.0,590940.0,236376.0,472752.0
Maharashtra,Pune,Pune_Village_50,19.0204,74.3567,720000,31500,75000,3,Hub_3,288000.0,315000.0,603000.0,241200.0,482400.0
Maharashtra,Solapur,Solapur_Village_1,17.669900000000002,75.91640000000001,2000,360,600,4,Hub_4,800.0,3600.0,4400.0,1760.0,3520.0
Maharashtra,Solapur,Solapur_Village_2,17.6799,75.9264,4000,720,1200,4,Hub_4,1600.0,7200.0,8800.0,3520.0,7040.0
Maharashtra,Solapur,Solapur_Village_3,17.6899,75.9364,6000,1080,1800,4,Hub_4,2400.0,10800.0,13200.0,5280.0,10560.0
Maharashtra,Solapur,Solapur_Village_4,17.6999,75.94640000000001,8000,1440,2400,4,Hub_4,3200.0,14400.0,17600.0,7040.0,14080.0
Maharashtra,Solapur,Solapur_Village_5,17.7099,75.9564,10000,1800,3000,4,Hub_4,4000.0,18000.0,22000.0,8800.0,17600.0
Maharashtra,Solapur,Solapur_Village_6,17.7199,75.96640000000001,12000,2160,3600,4,Hub_4,4800.0,21600.0,26400.0,10560.0,21120.0
Maharashtra,Solapur,Solapur_Village_7,17.7299,75.9764,14000,2520,4200,4,Hub_4,5600.0,25200.0,30800.0,12320.0,24640.0
Maharashtra,Solapur,Solapur_Village_8,17.7399,75.9864,16000,2880,4800,4,Hub_4,6400.0,28800.0,35200.0,14080.0,28160.0
Maharashtra,Solapur,Solapur_Village_9,17.7499,75.99640000000001,18000,3240,5400,4,Hub_4,7200.0,32400.0,39600.0,15840.0,31680.0
Maharashtra,Solapur,Solapur_Village_10,17.759900000000002,76.0064,20000,3600,6000,4,Hub_4,8000.0,36000.0,44000.0,17600.0,35200.0
Maharashtra,Solapur,Solapur_Village_11,17.7699,76.0164,22000,3960,6600,4,Hub_4,8800.0,39600.0,48400.0,19360.0,38720.0
Maharashtra,Solapur,Solapur_Village_12,17.7799,76.02640000000001,24000,4320,7200,4,Hub_4,9600.0,43200.0,52800.0,21120.0,42240.0
Maharashtra,Solapur,Solapur_Village_13,17.7899,76.0364,26000,4680,7800,4,Hub_4,10400.0,46800.0,57200.0,22880.0,45760.0
Maharashtra,Solapur,Solapur_Village_14,17.7999,76.0464,28000,5040,8400,4,Hub_4,11200.0,50400.0,61600.0,24640.0,49280.0
Maharashtra,Solapur,Solapur_Village_15,17.8099,76.05640000000001,30000,5400,9000,4,Hub_4,12000.0,54000.0,66000.0,26400.0,52800.0
Maharashtra,Solapur,Solapur_Village_16,17.8199,76.0664,32000,5760,9600,4,Hub_4,12800.0,57600.0,70400.0,28160.0,56320.0
Maharashtra,Solapur,Solapur_Village_17,17.829900000000002,76.0764,34000,6120,10200,4,Hub_4,13600.0,61200.0,74800.0,29920.0,59840.0
Maharashtra,Solapur,Solapur_Village_18,17.8399,76.08640000000001,36000,6480,10800,4,Hub_4,14400.0,64800.0,79200.0,31680.0,63360.0
Maharashtra,Solapur,Solapur_Village_19,17.8499,76.0964,38000,6840,11400,4,Hub_4,15200.0,68400.0,83600.0,33440.0,66880.0
Maharashtra,Solapur,Solapur_Village_20,17.8599,76.10640000000001,40000,7200,12000,4,Hub_4,16000.0,72000.0,88000.0,35200.0,70400.0
Maharashtra,Solapur,Solapur_Village_21,17.8699,76.1164,42000,7560,12600,4,Hub_4,16800.0,75600.0,92400.0,36960.0,73920.0
Maharashtra,Solapur,Solapur_Village_22,17.8799,76.1264,44000,7920,13200,4,Hub_4,17600.0,79200.0,96800.0,38720.0,77440.0
Maharashtra,Solapur,Solapur_Village_23,17.8899,76.13640000000001,46000,8280,13800,4,Hub_4,18400.0,82800.0,101200.0,40480.0,80960.0
Maharashtra,Solapur,Solapur_Village_24,17.8999,76.1464,48000,8640,14400,4,Hub_4,19200.0,86400.0,105600.0,42240.0,84480.0
Maharashtra,Solapur,Solapur_Village_25,17.9099,76.1564,50000,9000,15000,4,Hub_4,20000.0,90000.0,110000.0,44000.0,88000.0
Maharashtra,Solapur,Solapur_Village_26,17.919900000000002,76.16640000000001,52000,9360,15600,4,Hub_4,20800.0,93600.0,114400.0,45760.0,91520.0
Maharashtra,Solapur,Solapur_Village_27,17.9299,76.1764,54000,9720,16200,4,Hub_4,21600.0,97200.0,118800.0,47520.0,95040.0
Maharashtra,Solapur,Solapur_Village_28,17.9399,76.1864,56000,10080,16800,4,Hub_4,22400.0,100800.0,123200.0,49280.0,98560.0
Maharashtra,Solapur,Solapur_Village_29,17.9499,76.19640000000001,58000,10440,17400,4,Hub_4,23200.0,104400.0,127600.0,51040.0,102080.0
Maharashtra,Solapur,Solapur_Village_30,17.9599,76.2064,60000,10800,18000,4,Hub_4,24000.0,108000.0,132000.0,52800.0,105600.0
Maharashtra,Solapur,Solapur_Village_31,17.9699,76.21640000000001,62000,11160,18600,4,Hub_4,24800.0,111600.0,136400.0,54560.0,109120.0
Maharashtra,Solapur,Solapur_Village_32,17.9799,76.2264,64000,11520,19200,4,Hub_4,25600.0,115200.0,140800.0,56320.0,112640.0
Maharashtra,Solapur,Solapur_Village_33,17.9899,76.2364,66000,11880,19800,4,Hub_4,26400.0,118800.0,145200.0,58080.0,116160.0
Maharashtra,Solapur,Solapur_Village_34,17.9999,76.24640000000001,68000,12240,20400,4,Hub_4,27200.0,122400.0,149600.0,59840.0,119680.0
Maharashtra,Solapur,Solapur_Village_35,18.009900000000002,76.2564,70000,12600,21000,4,Hub_4,28000.0,126000.0,154000.0,61600.0,123200.0
Maharashtra,Solapur,Solapur_Village_36,18.0199,76.2664,72000,12960,21600,4,Hub_4,28800.0,129600.0,158400.0,63360.0,126720.0
Maharashtra,Solapur,Solapur_Village_37,18.0299,76.27640000000001,74000,13320,22200,4,Hub_4,29600.0,133200.0,162800.0,65120.0,130240.0
Maharashtra,Solapur,Solapur_Village_38,18.0399,76.2864,76000,13680,22800,4,Hub_4,30400.0,136800.0,167200.0,66880.0,133760.0
Maharashtra,Solapur,Solapur_Village_39,18.0499,76.2964,78000,14040,23400,4,Hub_4,31200.0,140400.0,171600.0,68640.0,137280.0
Maharashtra,Solapur,Solapur_Village_40,18.0599,76.30640000000001,80000,14400,24000,4,Hub_4,32000.0,144000.0,176000.0,70400.0,140800.0
Maharashtra,Solapur,Solapur_Village_41,18.0699,76.3164,82000,14760,24600,4,Hub_4,32800.0,147600.0,180400.0,72160.0,144320.0
Maharashtra,Solapur,Solapur_Village_42,18.079900000000002,76.3264,84000,15120,25200,4,Hub_4,33600.0,151200.0,184800.0,73920.0,147840.0
Maharashtra,Solapur,Solapur_Village_43,18.0899,76.33640000000001,86000,15480,25800,4,Hub_4,34400.0,154800.0,189200.0,75680.0,151360.0
Maharashtra,Solapur,Solapur_Village_44,18.0999,76.3464,88000,15840,26400,4,Hub_4,35200.0,158400.0,193600.0,77440.0,154880.0
Maharashtra,Solapur,Solapur_Village_45,18.1099,76.35640000000001,90000,16200,27000,4,Hub_4,36000.0,162000.0,198000.0,79200.0,158400.0
Maharashtra,Solapur,Solapur_Village_46,18.1199,76.3664,92000,16560,27600,4,Hub_4,36800.0,165600.0,202400.0,80960.0,161920.0
Maharashtra,Solapur,Solapur_Village_47,18.1299,76.3764,94000,16920,28200,4,Hub_4,37600.0,169200.0,206800.0,82720.0,165440.0
Maharashtra,Solapur,Solapur_Village_48,18.1399,76.38640000000001,96000,17280,28800,4,Hub_4,38400.0,172800.0,211200.0,84480.0,168960.0
Maharashtra,Solapur,Solapur_Village_49,18.1499,76.3964,98000,17640,29400,4,Hub_4,39200.0,176400.0,215600.0,86240.0,172480.0
Maharashtra,Solapur,Solapur_Village_50,18.1599,76.4064,100000,18000,30000,4,Hub_4,40000.0,180000.0,220000.0,88000.0,176000.0
Maharashtra,Mumbai,Mumbai_Village_1,19.086000000000002,72.88770000000001,40800,1050,2400,1,Hub_1,16320.0,10500.0,26820.0,10728.0,21456.0
Maharashtra,Mumbai,Mumbai_Village_2,19.096,72.8977,81600,2100,4800,1,Hub_1,32640.0,21000.0,53640.0,21456.0,42912.0
Maharashtra,Mumbai,Mumbai_Village_3,19.106,72.9077,122400,3150,7200,1,Hub_1,48960.0,31500.0,80460.0,32184.0,64368.0
Maharashtra,Mumbai,Mumbai_Village_4,19.116,72.91770000000001,163200,4200,9600,1,Hub_1,65280.0,42000.0,107280.0,42912.0,85824.0
Maharashtra,Mumbai,Mumbai_Village_5,19.126,72.9277,204000,5250,12000,1,Hub_1,81600.0,52500.0,134100.0,53640.0,107280.0
Maharashtra,Mumbai,Mumbai_Village_6,19.136,72.9377,244800,6300,14400,1,Hub_1,97920.0,63000.0,160920.0,64368.0,128736.0
Maharashtra,Mumbai,Mumbai_Village_7,19.146,72.9477,285600,7350,16800,1,Hub_1,114240.0,73500.0,187740.0,75096.0,150192.0
Maharashtra,Mumbai,Mumbai_Village_8,19.156,72.9577,326400,8400,19200,1,Hub_1,130560.0,84000.0,214560.0,85824.0,171648.0
Maharashtra,Mumbai,Mumbai_Village_9,19.166,72.96770000000001,367200,9450,21600,1,Hub_1,146880.0,94500.0,241380.0,96552.0,193104.0
Maharashtra,Mumbai,Mumbai_Village_10,19.176000000000002,72.9777,408000,10500,24000,1,Hub_1,163200.0,105000.0,268200.0,107280.0,214560.0
Maharashtra,Mumbai,Mumbai_Village_11,19.186,72.9877,448800,11550,26400,1,Hub_1,179520.0,115500.0,295020.0,118008.0,236016.0
Maharashtra,Mumbai,Mumbai_Village_12,19.196,72.99770000000001,489600,12600,28800,1,Hub_1,195840.0,126000.0,321840.0,128736.0,257472.0
Maharashtra,Mumbai,Mumbai_Village_13,19.206,73.0077,530400,13650,31200,1,Hub_1,212160.0,136500.0,348660.0,139464.0,278928.0
Maharashtra,Mumbai,Mumbai_Village_14,19.216,73.0177,571200,14700,33600,1,Hub_1,228480.0,147000.0,375480.0,150192.0,300384.0
Maharashtra,Mumbai,Mumbai_Village_15,19.226,73.02770000000001,612000,15750,36000,1,Hub_1,244800.0,157500.0,402300.0,160920.0,321840.0
Maharashtra,Mumbai,Mumbai_Village_16,19.236,73.0377,652800,16800,38400,1,Hub_1,261120.0,168000.0,429120.0,171648.0,343296.0
Maharashtra,Mumbai,Mumbai_Village_17,19.246000000000002,73.0477,693600,17850,40800,1,Hub_1,277440.0,178500.0,455940.0,182376.0,364752.0
Maharashtra,Mumbai,Mumbai_Village_18,19.256,73.05770000000001,734400,18900,43200,1,Hub_1,293760.0,189000.0,482760.0,193104.0,386208.0
Maharashtra,Mumbai,Mumbai_Village_19,19.266000000000002,73.0677,775200,19950,45600,1,Hub_1,310080.0,199500.0,509580.0,203832.0,407664.0
Maharashtra,Mumbai,Mumbai_Village_20,19.276,73.07770000000001,816000,21000,48000,1,Hub_1,326400.0,210000.0,536400.0,214560.0,429120.0
Maharashtra,Mumbai,Mumbai_Village_21,19.286,73.0877,856800,22050,50400,1,Hub_1,342720.0,220500.0,563220.0,225288.0,450576.0
Maharashtra,Mumbai,Mumbai_Village_22,19.296,73.0977,897600,23100,52800,1,Hub_1,359040.0,231000.0,590040.0,236016.0,472032.0
Maharashtra,Mumbai,Mumbai_Village_23,19.306,73.10770000000001,938400,24150,55200,1,Hub_1,375360.0,241500.0,616860.0,246744.0,493488.0
Maharashtra,Mumbai,Mumbai_Village_24,19.316,73.1177,979200,25200,57600,1,Hub_1,391680.0,252000.0,643680.0,257472.0,514944.0
Maharashtra,Mumbai,Mumbai_Village_25,19.326,73.1277,1020000,26250,60000,1,Hub_1,408000.0,262500.0,670500.0,268200.0,536400.0
Maharashtra,Mumbai,Mumbai_Village_26,19.336000000000002,73.13770000000001,1060800,27300,62400,1,Hub_1,424320.0,273000.0,697320.0,278928.0,557856.0
Maharashtra,Mumbai,Mumbai_Village_27,19.346,73.1477,1101600,28350,64800,1,Hub_1,440640.0,283500.0,724140.0,289656.0,579312.0
Maharashtra,Mumbai,Mumbai_Village_28,19.356,73.1577,1142400,29400,67200,1,Hub_1,456960.0,294000.0,750960.0,300384.0,600768.0
Maharashtra,Mumbai,Mumbai_Village_29,19.366,73.16770000000001,1183200,30450,69600,1,Hub_1,473280.0,304500.0,777780.0,311112.0,622224.0
Maharashtra,Mumbai,Mumbai_Village_30,19.376,73.1777,1224000,31500,72000,1,Hub_1,489600.0,315000.0,804600.0,321840.0,643680.0
Maharashtra,Mumbai,Mumbai_Village_31,19.386,73.1877,1264800,32550,74400,1,Hub_1,505920.0,325500.0,831420.0,332568.0,665136.0
Maharashtra,Mumbai,Mumbai_Village_32,19.396,73.1977,1305600,33600,76800,1,Hub_1,522240.0,336000.0,858240.0,343296.0,686592.0
Maharashtra,Mumbai,Mumbai_Village_33,19.406,73.2077,1346400,34650,79200,1,Hub_1,538560.0,346500.0,885060.0,354024.0,708048.0
Maharashtra,Mumbai,Mumbai_Village_34,19.416,73.21770000000001,1387200,35700,81600,1,Hub_1,554880.0,357000.0,911880.0,364752.0,729504.0
Maharashtra,Mumbai,Mumbai_Village_35,19.426000000000002,73.2277,1428000,36750,84000,1,Hub_1,571200.0,367500.0,938700.0,375480.0,750960.0
Maharashtra,Mumbai,Mumbai_Village_36,19.436,73.2377,1468800,37800,86400,1,Hub_1,587520.0,378000.0,965520.0,386208.0,772416.0
Maharashtra,Mumbai,Mumbai_Village_37,19.446,73.24770000000001,1509600,38850,88800,1,Hub_1,603840.0,388500.0,992340.0,396936.0,793872.0
Maharashtra,Mumbai,Mumbai_Village_38,19.456,73.2577,1550400,39900,91200,1,Hub_1,620160.0,399000.0,1019160.0,407664.0,815328.0
Maharashtra,Mumbai,Mumbai_Village_39,19.466,73.2677,1591200,40950,93600,1,Hub_1,636480.0,409500.0,1045980.0,418392.0,836784.0
Maharashtra,Mumbai,Mumbai_Village_40,19.476,73.27770000000001,1632000,42000,96000,1,Hub_1,652800.0,420000.0,1072800.0,429120.0,858240.0
Maharashtra,Mumbai,Mumbai_Village_41,19.486,73.2877,1672800,43050,98400,1,Hub_1,669120.0,430500.0,1099620.0,439848.0,879696.0
Maharashtra,Mumbai,Mumbai_Village_42,19.496000000000002,73.2977,1713600,44100,100800,1,Hub_1,685440.0,441000.0,1126440.0,450576.0,901152.0
Maharashtra,Mumbai,Mumbai_Village_43,19.506,73.30770000000001,1754400,45150,103200,1,Hub_1,701760.0,451500.0,1153260.0,461304.0,922608.0
Maharashtra,Mumbai,Mumbai_Village_44,19.516000000000002,73.3177,1795200,46200,105600,1,Hub_1,718080.0,462000.0,1180080.0,472032.0,944064.0
Maharashtra,Mumbai,Mumbai_Village_45,19.526,73.32770000000001,1836000,47250,108000,1,Hub_1,734400.0,472500.0,1206900.0,482760.0,965520.0
Maharashtra,Mumbai,Mumbai_Village_46,19.536,73.3377,1876800,48300,110400,1,Hub_1,750720.0,483000.0,1233720.0,493488.0,986976.0
Maharashtra,Mumbai,Mumbai_Village_47,19.546,73.3477,1917600,49350,112800,1,Hub_1,767040.0,493500.0,1260540.0,504216.0,1008432.0
Maharashtra,Mumbai,Mumbai_Village_48,19.556,73.35770000000001,1958400,50400,115200,1,Hub_1,783360.0,504000.0,1287360.0,514944.0,1029888.0
Maharashtra,Mumbai,Mumbai_Village_49,19.566,73.3677,1999200,51450,117600,1,Hub_1,799680.0,514500.0,1314180.0,525672.0,1051344.0
Maharashtra,Mumbai,Mumbai_Village_50,19.576,73.3777,2040000,52500,120000,1,Hub_1,816000.0,525000.0,1341000.0,536400.0,1072800.0
Karnataka,Bengaluru Urban,Bengaluru Urban_Village_1,12.9816,77.6046,25000,540,1800,2,Hub_2,10000.0,5400.0,15400.0,6160.0,12320.0
Karnataka,Bengaluru Urban,Bengaluru Urban_Village_2,12.9916,77.6146,50000,1080,3600,2,Hub_2,20000.0,10800.0,30800.0,12320.0,24640.0
Karnataka,Bengaluru Urban,Bengaluru Urban_Village_3,13.0016,77.6246,75000,1620,5400,2,Hub_2,30000.0,16200.0,46200.0,18480.0,36960.0
Karnataka,Bengaluru Urban,Bengaluru Urban_Village_4,13.0116,77.6346,100000,2160,7200,2,Hub_2,40000.0,21600.0,61600.0,24640.0,49280.0
Karnataka,Bengaluru Urban,Bengaluru Urban_Village_5,13.021600000000001,77.6446,125000,2700,9000,2,Hub_2,50000.0,27000.0,77000.0,30800.0,61600.0
Karnataka,Bengaluru Urban,Bengaluru Urban_Village_6,13.031600000000001,77.6546,150000,3240,10800,2,Hub_2,60000.0,32400.0,92400.0,36960.0,73920.0
Karnataka,Bengaluru Urban,Bengaluru Urban_Village_7,13.0416,77.6646,175000,3780,12600,2,Hub_2,70000.0,37800.0,107800.0,43120.0,86240.0
Karnataka,Bengaluru Urban,Bengaluru Urban_Village_8,13.0516,77.6746,200000,4320,14400,2,Hub_2,80000.0,43200.0,123200.0,49280.0,98560.0
Karnataka,Bengaluru Urban,Bengaluru Urban_Village_9,13.0616,77.6846,225000,4860,16200,2,Hub_2,90000.0,48600.0,138600.0,55440.0,110880.0
Karnataka,Bengaluru Urban,Bengaluru Urban_Village_10,13.0716,77.6946,250000,5400,18000,2,Hub_2,100000.0,54000.0,154000.0,61600.0,123200.0
Karnataka,Bengaluru Urban,Bengaluru Urban_Village_11,13.0816,77.7046,275000,5940,19800,2,Hub_2,110000.0,59400.0,169400.0,67760.0,135520.0
Karnataka,Bengaluru Urban,Bengaluru Urban_Village_12,13.0916,77.7146,300000,6480,21600,2,Hub_2,120000.0,64800.0,184800.0,73920.0,147840.0
Karnataka,Bengaluru Urban,Bengaluru Urban_Village_13,13.101600000000001,77.7246,325000,7020,23400,2,Hub_2,130000.0,70200.0,200200.0,80080.0,160160.0
Karnataka,Bengaluru Urban,Bengaluru Urban_Village_14,13.111600000000001,77.7346,350000,7560,25200,2,Hub_2,140000.0,75600.0,215600.0,86240.0,172480.0
Karnataka,Bengaluru Urban,Bengaluru Urban_Village_15,13.1216,77.7446,375000,8100,27000,2,Hub_2,150000.0,81000.0,231000.0,92400.0,184800.0
Karnataka,Bengaluru Urban,Bengaluru Urban_Village_16,13.1316,77.7546,400000,8640,28800,2,Hub_2,160000.0,86400.0,246400.0,98560.0,197120.0
Karnataka,Bengaluru Urban,Bengaluru Urban_Village_17,13.1416,77.7646,425000,9180,30600,2,Hub_2,170000.0,91800.0,261800.0,104720.0,209440.0
Karnataka,Bengaluru Urban,Bengaluru Urban_Village_18,13.1516,77.7746,450000,9720,32400,2,Hub_2,180000.0,97200.0,277200.0,110880.0,221760.0
Karnataka,Bengaluru Urban,Bengaluru Urban_Village_19,13.1616,77.7846,475000,10260,34200,2,Hub_2,190000.0,102600.0,292600.0,117040.0,234080.0
Karnataka,Bengaluru Urban,Bengaluru Urban_Village_20,13.1716,77.7946,500000,10800,36000,2,Hub_2,200000.0,108000.0,308000.0,123200.0,246400.0
Karnataka,Bengaluru Urban,Bengaluru Urban_Village_21,13.181600000000001,77.8046,525000,11340,37800,2,Hub_2,210000.0,113400.0,323400.0,129360.0,258720.0
Karnataka,Bengaluru Urban,Bengaluru Urban_Village_22,13.191600000000001,77.8146,550000,11880,39600,2,Hub_2,220000.0,118800.0,338800.0,135520.0,271040.0
Karnataka,Bengaluru Urban,Bengaluru Urban_Village_23,13.201600000000001,77.8246,575000,12420,41400,2,Hub_2,230000.0,124200.0,354200.0,141680.0,283360.0
Karnataka,Bengaluru Urban,Bengaluru Urban_Village_24,13.2116,77.8346,600000,12960,43200,2,Hub_2,240000.0,129600.0,369600.0,147840.0,295680.0
Karnataka,Bengaluru Urban,Bengaluru Urban_Village_25,13.2216,77.8446,625000,13500,45000,2,Hub_2,250000.0,135000.0,385000.0,154000.0,308000.0
Karnataka,Bengaluru Urban,Bengaluru Urban_Village_26,13.2316,77.8546,650000,14040,46800,2,Hub_2,260000.0,140400.0,400400.0,160160.0,320320.0
Karnataka,Bengaluru Urban,Bengaluru Urban_Village_27,13.2416,77.8646,675000,14580,48600,2,Hub_2,270000.0,145800.0,415800.0,166320.0,332640.0
Karnataka,Bengaluru Urban,Bengaluru Urban_Village_28,13.2516,77.8746,700000,15120,50400,2,Hub_2,280000.0,151200.0,431200.0,172480.0,344960.0
Karnataka,Bengaluru Urban,Bengaluru Urban_Village_29,13.2616,77.8846,725000,15660,52200,2,Hub_2,290000.0,156600.0,446600.0,178640.0,357280.0
Karnataka,Bengaluru Urban,Bengaluru Urban_Village_30,13.271600000000001,77.8946,750000,16200,54000,2,Hub_2,300000.0,162000.0,462000.0,184800.0,369600.0
Karnataka,Bengaluru Urban,Bengaluru Urban_Village_31,13.281600000000001,77.9046,775000,16740,55800,2,Hub_2,310000.0,167400.0,477400.0,190960.0,381920.0
Karnataka,Bengaluru Urban,Bengaluru Urban_Village_32,13.2916,77.9146,800000,17280,57600,2,Hub_2,320000.0,172800.0,492800.0,197120.0,394240.0
Karnataka,Bengaluru Urban,Bengaluru Urban_Village_33,13.3016,77.9246,825000,17820,59400,2,Hub_2,330000.0,178200.0,508200.0,203280.0,406560.0
Karnataka,Bengaluru Urban,Bengaluru Urban_Village_34,13.3116,77.9346,850000,18360,61200,2,Hub_2,340000.0,183600.0,523600.0,209440.0,418880.0
Karnataka,Bengaluru Urban,Bengaluru Urban_Village_35,13.3216,77.9446,875000,18900,63000,2,Hub_2,350000.0,189000.0,539000.0,215600.0,431200.0
Karnataka,Bengaluru Urban,Bengaluru Urban_Village_36,13.3316,77.9546,900000,19440,64800,2,Hub_2,360000.0,194400.0,554400.0,221760.0,443520.0
Karnataka,Bengaluru Urban,Bengaluru Urban_Village_37,13.3416,77.9646,925000,19980,66600,2,Hub_2,370000.0,199800.0,569800.0,227920.0,455840.0
Karnataka,Bengaluru Urban,Bengaluru Urban_Village_38,13.351600000000001,77.9746,950000,20520,68400,2,Hub_2,380000.0,205200.0,585200.0,234080.0,468160.0
Karnataka,Bengaluru Urban,Bengaluru Urban_Village_39,13.361600000000001,77.9846,975000,21060,70200,2,Hub_2,390000.0,210600.0,600600.0,240240.0,480480.0
Karnataka,Bengaluru Urban,Bengaluru Urban_Village_40,13.3716,77.9946,1000000,21600,72000,2,Hub_2,400000.0,216000.0,616000.0,246400.0,492800.0
Karnataka,Bengaluru Urban,Bengaluru Urban_Village_41,13.3816,78.0046,1025000,22140,73800,2,Hub_2,410000.0,221400.0,631400.0,252560.0,505120.0
Karnataka,Bengaluru Urban,Bengaluru Urban_Village_42,13.3916,78.0146,1050000,22680,75600,2,Hub_2,420000.0,226800.0,646800.0,258720.0,517440.0
Karnataka,Bengaluru Urban,Bengaluru Urban_Village_43,13.4016,78.0246,1075000,23220,77400,2,Hub_2,430000.0,232200.0,662200.0,264880.0,529760.0
Karnataka,Bengaluru Urban,Bengaluru Urban_Village_44,13.4116,78.0346,1100000,23760,79200,2,Hub_2,440000.0,237600.0,677600.0,271040.0,542080.0
Karnataka,Bengaluru Urban,Bengaluru Urban_Village_45,13.4216,78.0446,1125000,24300,81000,2,Hub_2,450000.0,243000.0,693000.0,277200.0,554400.0
Karnataka,Bengaluru Urban,Bengaluru Urban_Village_46,13.431600000000001,78.0546,1150000,24840,82800,2,Hub_2,460000.0,248400.0,708400.0,283360.0,566720.0
Karnataka,Bengaluru Urban,Bengaluru Urban_Village_47,13.441600000000001,78.0646,1175000,25380,84600,2,Hub_2,470000.0,253800.0,723800.0,289520.0,579040.0
Karnataka,Bengaluru Urban,Bengaluru Urban_Village_48,13.451600000000001,78.0746,1200000,25920,86400,2,Hub_2,480000.0,259200.0,739200.0,295680.0,591360.0
Karnataka,Bengaluru Urban,Bengaluru Urban_Village_49,13.4616,78.0846,1225000,26460,88200,2,Hub_2,490000.0,264600.0,754600.0,301840.0,603680.0
Karnataka,Bengaluru Urban,Bengaluru Urban_Village_50,13.4716,78.0946,1250000,27000,90000,2,Hub_2,500000.0,270000.0,770000.0,308000.0,616000.0
Tamil Nadu,Chennai,Chennai_Village_1,13.0927,80.28070000000001,22000,450,900,5,Hub_5,8800.0,4500.0,13300.0,5320.0,10640.0
Tamil Nadu,Chennai,Chennai_Village_2,13.1027,80.2907,44000,900,1800,5,Hub_5,17600.0,9000.0,26600.0,10640.0,21280.0
Tamil Nadu,Chennai,Chennai_Village_3,13.1127,80.3007,66000,1350,2700,5,Hub_5,26400.0,13500.0,39900.0,15960.0,31920.0
Tamil Nadu,Chennai,Chennai_Village_4,13.1227,80.31070000000001,88000,1800,3600,5,Hub_5,35200.0,18000.0,53200.0,21280.0,42560.0
Tamil Nadu,Chennai,Chennai_Village_5,13.132700000000002,80.3207,110000,2250,4500,5,Hub_5,44000.0,22500.0,66500.0,26600.0,53200.0
Tamil Nadu,Chennai,Chennai_Village_6,13.142700000000001,80.33070000000001,132000,2700,5400,5,Hub_5,52800.0,27000.0,79800.0,31920.0,63840.0
Tamil Nadu,Chennai,Chennai_Village_7,13.152700000000001,80.3407,154000,3150,6300,5,Hub_5,61600.0,31500.0,93100.0,37240.0,74480.0
Tamil Nadu,Chennai,Chennai_Village_8,13.162700000000001,80.3507,176000,3600,7200,5,Hub_5,70400.0,36000.0,106400.0,42560.0,85120.0
Tamil Nadu,Chennai,Chennai_Village_9,13.1727,80.36070000000001,198000,4050,8100,5,Hub_5,79200.0,40500.0,119700.0,47880.0,95760.0
Tamil Nadu,Chennai,Chennai_Village_10,13.1827,80.3707,220000,4500,9000,5,Hub_5,88000.0,45000.0,133000.0,53200.0,106400.0
Tamil Nadu,Chennai,Chennai_Village_11,13.1927,80.3807,242000,4950,9900,5,Hub_5,96800.0,49500.0,146300.0,58520.0,117040.0
Tamil Nadu,Chennai,Chennai_Village_12,13.2027,80.39070000000001,264000,5400,10800,5,Hub_5,105600.0,54000.0,159600.0,63840.0,127680.0
Tamil Nadu,Chennai,Chennai_Village_13,13.212700000000002,80.4007,286000,5850,11700,5,Hub_5,114400.0,58500.0,172900.0,69160.0,138320.0
Tamil Nadu,Chennai,Chennai_Village_14,13.222700000000001,80.4107,308000,6300,12600,5,Hub_5,123200.0,63000.0,186200.0,74480.0,148960.0
Tamil Nadu,Chennai,Chennai_Village_15,13.232700000000001,80.42070000000001,330000,6750,13500,5,Hub_5,132000.0,67500.0,199500.0,79800.0,159600.0
Tamil Nadu,Chennai,Chennai_Village_16,13.242700000000001,80.4307,352000,7200,14400,5,Hub_5,140800.0,72000.0,212800.0,85120.0,170240.0
Tamil Nadu,Chennai,Chennai_Village_17,13.2527,80.4407,374000,7650,15300,5,Hub_5,149600.0,76500.0,226100.0,90440.0,180880.0
Tamil Nadu,Chennai,Chennai_Village_18,13.2627,80.45070000000001,396000,8100,16200,5,Hub_5,158400.0,81000.0,239400.0,95760.0,191520.0
Tamil Nadu,Chennai,Chennai_Village_19,13.2727,80.4607,418000,8550,17100,5,Hub_5,167200.0,85500.0,252700.0,101080.0,202160.0
Tamil Nadu,Chennai,Chennai_Village_20,13.2827,80.47070000000001,440000,9000,18000,5,Hub_5,176000.0,90000.0,266000.0,106400.0,212800.0
Tamil Nadu,Chennai,Chennai_Village_21,13.292700000000002,80.4807,462000,9450,18900,5,Hub_5,184800.0,94500.0,279300.0,111720.0,223440.0
Tamil Nadu,Chennai,Chennai_Village_22,13.302700000000002,80.4907,484000,9900,19800,5,Hub_5,193600.0,99000.0,292600.0,117040.0,234080.0
Tamil Nadu,Chennai,Chennai_Village_23,13.312700000000001,80.50070000000001,506000,10350,20700,5,Hub_5,202400.0,103500.0,305900.0,122360.0,244720.0
Tamil Nadu,Chennai,Chennai_Village_24,13.322700000000001,80.5107,528000,10800,21600,5,Hub_5,211200.0,108000.0,319200.0,127680.0,255360.0
Tamil Nadu,Chennai,Chennai_Village_25,13.3327,80.5207,550000,11250,22500,5,Hub_5,220000.0,112500.0,332500.0,133000.0,266000.0
Tamil Nadu,Chennai,Chennai_Village_26,13.3427,80.53070000000001,572000,11700,23400,5,Hub_5,228800.0,117000.0,345800.0,138320.0,276640.0
Tamil Nadu,Chennai,Chennai_Village_27,13.3527,80.5407,594000,12150,24300,5,Hub_5,237600.0,121500.0,359100.0,143640.0,287280.0
Tamil Nadu,Chennai,Chennai_Village_28,13.3627,80.5507,616000,12600,25200,5,Hub_5,246400.0,126000.0,372400.0,148960.0,297920.0
Tamil Nadu,Chennai,Chennai_Village_29,13.3727,80.56070000000001,638000,13050,26100,5,Hub_5,255200.0,130500.0,385700.0,154280.0,308560.0
Tamil Nadu,Chennai,Chennai_Village_30,13.382700000000002,80.5707,660000,13500,27000,5,Hub_5,264000.0,135000.0,399000.0,159600.0,319200.0
Tamil Nadu,Chennai,Chennai_Village_31,13.392700000000001,80.58070000000001,682000,13950,27900,5,Hub_5,272800.0,139500.0,412300.0,164920.0,329840.0
Tamil Nadu,Chennai,Chennai_Village_32,13.402700000000001,80.5907,704000,14400,28800,5,Hub_5,281600.0,144000.0,425600.0,170240.0,340480.0
Tamil Nadu,Chennai,Chennai_Village_33,13.412700000000001,80.6007,726000,14850,29700,5,Hub_5,290400.0,148500.0,438900.0,175560.0,351120.0
Tamil Nadu,Chennai,Chennai_Village_34,13.4227,80.61070000000001,748000,15300,30600,5,Hub_5,299200.0,153000.0,452200.0,180880.0,361760.0
Tamil Nadu,Chennai,Chennai_Village_35,13.4327,80.6207,770000,15750,31500,5,Hub_5,308000.0,157500.0,465500.0,186200.0,372400.0
Tamil Nadu,Chennai,Chennai_Village_36,13.4427,80.6307,792000,16200,32400,5,Hub_5,316800.0,162000.0,478800.0,191520.0,383040.0
Tamil Nadu,Chennai,Chennai_Village_37,13.4527,80.64070000000001,814000,16650,33300,5,Hub_5,325600.0,166500.0,492100.0,196840.0,393680.0
Tamil Nadu,Chennai,Chennai_Village_38,13.462700000000002,80.6507,836000,17100,34200,5,Hub_5,334400.0,171000.0,505400.0,202160.0,404320.0
Tamil Nadu,Chennai,Chennai_Village_39,13.472700000000001,80.6607,858000,17550,35100,5,Hub_5,343200.0,175500.0,518700.0,207480.0,414960.0
Tamil Nadu,Chennai,Chennai_Village_40,13.482700000000001,80.67070000000001,880000,18000,36000,5,Hub_5,352000.0,180000.0,532000.0,212800.0,425600.0
Tamil Nadu,Chennai,Chennai_Village_41,13.492700000000001,80.6807,902000,18450,36900,5,Hub_5,360800.0,184500.0,545300.0,218120.0,436240.0
Tamil Nadu,Chennai,Chennai_Village_42,13.5027,80.6907,924000,18900,37800,5,Hub_5,369600.0,189000.0,558600.0,223440.0,446880.0
Tamil Nadu,Chennai,Chennai_Village_43,13.5127,80.70070000000001,946000,19350,38700,5,Hub_5,378400.0,193500.0,571900.0,228760.0,457520.0
Tamil Nadu,Chennai,Chennai_Village_44,13.5227,80.7107,968000,19800,39600,5,Hub_5,387200.0,198000.0,585200.0,234080.0,468160.0
Tamil Nadu,Chennai,Chennai_Village_45,13.5327,80.72070000000001,990000,20250,40500,5,Hub_5,396000.0,202500.0,598500.0,239400.0,478800.0
Tamil Nadu,Chennai,Chennai_Village_46,13.542700000000002,80.7307,1012000,20700,41400,5,Hub_5,404800.0,207000.0,611800.0,244720.0,489440.0
Tamil Nadu,Chennai,Chennai_Village_47,13.552700000000002,80.7407,1034000,21150,42300,5,Hub_5,413600.0,211500.0,625100.0,250040.0,500080.0
Tamil Nadu,Chennai,Chennai_Village_48,13.562700000000001,80.75070000000001,1056000,21600,43200,5,Hub_5,422400.0,216000.0,638400.0,255360.0,510720.0
Tamil Nadu,Chennai,Chennai_Village_49,13.572700000000001,80.7607,1078000,22050,44100,5,Hub_5,431200.0,220500.0,651700.0,260680.0,521360.0
Tamil Nadu,Chennai,Chennai_Village_50,13.5827,80.7707,1100000,22500,45000,5,Hub_5,440000.0,225000.0,665000.0,266000.0,532000.0
Telangana,Hyderabad,Hyderabad_Village_1,17.395000000000003,78.4967,20000,420,840,6,Hub_6,8000.0,4200.0,12200.0,4880.0,9760.0
Telangana,Hyderabad,Hyderabad_Village_2,17.405,78.5067,40000,840,1680,6,Hub_6,16000.0,8400.0,24400.0,9760.0,19520.0
Telangana,Hyderabad,Hyderabad_Village_3,17.415000000000003,78.5167,60000,1260,2520,6,Hub_6,24000.0,12600.0,36600.0,14640.0,29280.0
Telangana,Hyderabad,Hyderabad_Village_4,17.425,78.5267,80000,1680,3360,6,Hub_6,32000.0,16800.0,48800.0,19520.0,39040.0
Telangana,Hyderabad,Hyderabad_Village_5,17.435000000000002,78.5367,100000,2100,4200,6,Hub_6,40000.0,21000.0,61000.0,24400.0,48800.0
Telangana,Hyderabad,Hyderabad_Village_6,17.445,78.5467,120000,2520,5040,6,Hub_6,48000.0,25200.0,73200.0,29280.0,58560.0
Telangana,Hyderabad,Hyderabad_Village_7,17.455000000000002,78.55669999999999,140000,2940,5880,6,Hub_6,56000.0,29400.0,85400.0,34160.0,68320.0
Telangana,Hyderabad,Hyderabad_Village_8,17.465,78.5667,160000,3360,6720,6,Hub_6,64000.0,33600.0,97600.0,39040.0,78080.0
Telangana,Hyderabad,Hyderabad_Village_9,17.475,78.5767,180000,3780,7560,6,Hub_6,72000.0,37800.0,109800.0,43920.0,87840.0
Telangana,Hyderabad,Hyderabad_Village_10,17.485000000000003,78.5867,200000,4200,8400,6,Hub_6,80000.0,42000.0,122000.0,48800.0,97600.0
Telangana,Hyderabad,Hyderabad_Village_11,17.495,78.5967,220000,4620,9240,6,Hub_6,88000.0,46200.0,134200.0,53680.0,107360.0
Telangana,Hyderabad,Hyderabad_Village_12,17.505000000000003,78.6067,240000,5040,10080,6,Hub_6,96000.0,50400.0,146400.0,58560.0,117120.0
Telangana,Hyderabad,Hyderabad_Village_13,17.515,78.6167,260000,5460,10920,6,Hub_6,104000.0,54600.0,158600.0,63440.0,126880.0
Telangana,Hyderabad,Hyderabad_Village_14,17.525000000000002,78.6267,280000,5880,11760,6,Hub_6,112000.0,58800.0,170800.0,68320.0,136640.0
Telangana,Hyderabad,Hyderabad_Village_15,17.535,78.6367,300000,6300,12600,6,Hub_6,120000.0,63000.0,183000.0,73200.0,146400.0
Telangana,Hyderabad,Hyderabad_Village_16,17.545,78.6467,320000,6720,13440,6,Hub_6,128000.0,67200.0,195200.0,78080.0,156160.0
Telangana,Hyderabad,Hyderabad_Village_17,17.555000000000003,78.6567,340000,7140,14280,6,Hub_6,136000.0,71400.0,207400.0,82960.0,165920.0
Telangana,Hyderabad,Hyderabad_Village_18,17.565,78.6667,360000,7560,15120,6,Hub_6,144000.0,75600.0,219600.0,87840.0,175680.0
Telangana,Hyderabad,Hyderabad_Village_19,17.575000000000003,78.6767,380000,7980,15960,6,Hub_6,152000.0,79800.0,231800.0,92720.0,185440.0
Telangana,Hyderabad,Hyderabad_Village_20,17.585,78.6867,400000,8400,16800,6,Hub_6,160000.0,84000.0,244000.0,97600.0,195200.0
Telangana,Hyderabad,Hyderabad_Village_21,17.595000000000002,78.69669999999999,420000,8820,17640,6,Hub_6,168000.0,88200.0,256200.0,102480.0,204960.0
Telangana,Hyderabad,Hyderabad_Village_22,17.605,78.7067,440000,9240,18480,6,Hub_6,176000.0,92400.0,268400.0,107360.0,214720.0
Telangana,Hyderabad,Hyderabad_Village_23,17.615000000000002,78.7167,460000,9660,19320,6,Hub_6,184000.0,96600.0,280600.0,112240.0,224480.0
Telangana,Hyderabad,Hyderabad_Village_24,17.625,78.7267,480000,10080,20160,6,Hub_6,192000.0,100800.0,292800.0,117120.0,234240.0
Telangana,Hyderabad,Hyderabad_Village_25,17.635,78.7367,500000,10500,21000,6,Hub_6,200000.0,105000.0,305000.0,122000.0,244000.0
Telangana,Hyderabad,Hyderabad_Village_26,17.645000000000003,78.7467,520000,10920,21840,6,Hub_6,208000.0,109200.0,317200.0,126880.0,253760.0
Telangana,Hyderabad,Hyderabad_Village_27,17.655,78.7567,540000,11340,22680,6,Hub_6,216000.0,113400.0,329400.0,131760.0,263520.0
Telangana,Hyderabad,Hyderabad_Village_28,17.665000000000003,78.7667,560000,11760,23520,6,Hub_6,224000.0,117600.0,341600.0,136640.0,273280.0
Telangana,Hyderabad,Hyderabad_Village_29,17.675,78.7767,580000,12180,24360,6,Hub_6,232000.0,121800.0,353800.0,141520.0,283040.0
Telangana,Hyderabad,Hyderabad_Village_30,17.685000000000002,78.7867,600000,12600,25200,6,Hub_6,240000.0,126000.0,366000.0,146400.0,292800.0
Telangana,Hyderabad,Hyderabad_Village_31,17.695,78.7967,620000,13020,26040,6,Hub_6,248000.0,130200.0,378200.0,151280.0,302560.0
Telangana,Hyderabad,Hyderabad_Village_32,17.705000000000002,78.80669999999999,640000,13440,26880,6,Hub_6,256000.0,134400.0,390400.0,156160.0,312320.0
Telangana,Hyderabad,Hyderabad_Village_33,17.715,78.8167,660000,13860,27720,6,Hub_6,264000.0,138600.0,402600.0,161040.0,322080.0
Telangana,Hyderabad,Hyderabad_Village_34,17.725,78.8267,680000,14280,28560,6,Hub_6,272000.0,142800.0,414800.0,165920.0,331840.0
Telangana,Hyderabad,Hyderabad_Village_35,17.735000000000003,78.8367,700000,14700,29400,6,Hub_6,280000.0,147000.0,427000.0,170800.0,341600.0
Telangana,Hyderabad,Hyderabad_Village_36,17.745,78.8467,720000,15120,30240,6,Hub_6,288000.0,151200.0,439200.0,175680.0,351360.0
Telangana,Hyderabad,Hyderabad_Village_37,17.755000000000003,78.8567,740000,15540,31080,6,Hub_6,296000.0,155400.0,451400.0,180560.0,361120.0
Telangana,Hyderabad,Hyderabad_Village_38,17.765,78.8667,760000,15960,31920,6,Hub_6,304000.0,159600.0,463600.0,185440.0,370880.0
Telangana,Hyderabad,Hyderabad_Village_39,17.775000000000002,78.8767,780000,16380,32760,6,Hub_6,312000.0,163800.0,475800.0,190320.0,380640.0
Telangana,Hyderabad,Hyderabad_Village_40,17.785,78.8867,800000,16800,33600,6,Hub_6,320000.0,168000.0,488000.0,195200.0,390400.0
Telangana,Hyderabad,Hyderabad_Village_41,17.795,78.8967,820000,17220,34440,6,Hub_6,328000.0,172200.0,500200.0,200080.0,400160.0
Telangana,Hyderabad,Hyderabad_Village_42,17.805000000000003,78.9067,840000,17640,35280,6,Hub_6,336000.0,176400.0,512400.0,204960.0,409920.0
Telangana,Hyderabad,Hyderabad_Village_43,17.815,78.9167,860000,18060,36120,6,Hub_6,344000.0,180600.0,524600.0,209840.0,419680.0
Telangana,Hyderabad,Hyderabad_Village_44,17.825000000000003,78.9267,880000,18480,36960,6,Hub_6,352000.0,184800.0,536800.0,214720.0,429440.0
Telangana,Hyderabad,Hyderabad_Village_45,17.835,78.9367,900000,18900,37800,6,Hub_6,360000.0,189000.0,549000.0,219600.0,439200.0
Telangana,Hyderabad,Hyderabad_Village_46,17.845000000000002,78.94669999999999,920000,19320,38640,6,Hub_6,368000.0,193200.0,561200.0,224480.0,448960.0
Telangana,Hyderabad,Hyderabad_Village_47,17.855,78.9567,940000,19740,39480,6,Hub_6,376000.0,197400.0,573400.0,229360.0,458720.0
Telangana,Hyderabad,Hyderabad_Village_48,17.865000000000002,78.9667,960000,20160,40320,6,Hub_6,384000.0,201600.0,585600.0,234240.0,468480.0
Telangana,Hyderabad,Hyderabad_Village_49,17.875,78.9767,980000,20580,41160,6,Hub_6,392000.0,205800.0,597800.0,239120.0,478240.0
Telangana,Hyderabad,Hyderabad_Village_50,17.885,78.9867,1000000,21000,42000,6,Hub_6,400000.0,210000.0,610000.0,244000.0,488000.0
Delhi,Central Delhi,Central Delhi_Village_1,28.623900000000003,77.21900000000001,38000,900,1500,7,Hub_7,15200.0,9000.0,24200.0,9680.0,19360.0
Delhi,Central Delhi,Central Delhi_Village_2,28.6339,77.229,76000,1800,3000,7,Hub_7,30400.0,18000.0,48400.0,19360.0,38720.0
Delhi,Central Delhi,Central Delhi_Village_3,28.643900000000002,77.239,114000,2700,4500,7,Hub_7,45600.0,27000.0,72600.0,29040.0,58080.0
Delhi,Central Delhi,Central Delhi_Village_4,28.6539,77.24900000000001,152000,3600,6000,7,Hub_7,60800.0,36000.0,96800.0,38720.0,77440.0
Delhi,Central Delhi,Central Delhi_Village_5,28.6639,77.259,190000,4500,7500,7,Hub_7,76000.0,45000.0,121000.0,48400.0,96800.0
Delhi,Central Delhi,Central Delhi_Village_6,28.6739,77.269,228000,5400,9000,7,Hub_7,91200.0,54000.0,145200.0,58080.0,116160.0
Delhi,Central Delhi,Central Delhi_Village_7,28.6839,77.279,266000,6300,10500,7,Hub_7,106400.0,63000.0,169400.0,67760.0,135520.0
Delhi,Central Delhi,Central Delhi_Village_8,28.6939,77.289,304000,7200,12000,7,Hub_7,121600.0,72000.0,193600.0,77440.0,154880.0
Delhi,Central Delhi,Central Delhi_Village_9,28.7039,77.299,342000,8100,13500,7,Hub_7,136800.0,81000.0,217800.0,87120.0,174240.0
Delhi,Central Delhi,Central Delhi_Village_10,28.713900000000002,77.309,380000,9000,15000,7,Hub_7,152000.0,90000.0,242000.0,96800.0,193600.0
Delhi,Central Delhi,Central Delhi_Village_11,28.7239,77.319,418000,9900,16500,7,Hub_7,167200.0,99000.0,266200.0,106480.0,212960.0
Delhi,Central Delhi,Central Delhi_Village_12,28.733900000000002,77.32900000000001,456000,10800,18000,7,Hub_7,182400.0,108000.0,290400.0,116160.0,232320.0
Delhi,Central Delhi,Central Delhi_Village_13,28.7439,77.339,494000,11700,19500,7,Hub_7,197600.0,117000.0,314600.0,125840.0,251680.0
Delhi,Central Delhi,Central Delhi_Village_14,28.7539,77.349,532000,12600,21000,7,Hub_7,212800.0,126000.0,338800.0,135520.0,271040.0
Delhi,Central Delhi,Central Delhi_Village_15,28.7639,77.35900000000001,570000,13500,22500,7,Hub_7,228000.0,135000.0,363000.0,145200.0,290400.0
Delhi,Central Delhi,Central Delhi_Village_16,28.7739,77.369,608000,14400,24000,7,Hub_7,243200.0,144000.0,387200.0,154880.0,309760.0
Delhi,Central Delhi,Central Delhi_Village_17,28.783900000000003,77.379,646000,15300,25500,7,Hub_7,258400.0,153000.0,411400.0,164560.0,329120.0
Delhi,Central Delhi,Central Delhi_Village_18,28.7939,77.38900000000001,684000,16200,27000,7,Hub_7,273600.0,162000.0,435600.0,174240.0,348480.0
Delhi,Central Delhi,Central Delhi_Village_19,28.803900000000002,77.399,722000,17100,28500,7,Hub_7,288800.0,171000.0,459800.0,183920.0,367840.0
Delhi,Central Delhi,Central Delhi_Village_20,28.8139,77.409,760000,18000,30000,7,Hub_7,304000.0,180000.0,484000.0,193600.0,387200.0
Delhi,Central Delhi,Central Delhi_Village_21,28.823900000000002,77.419,798000,18900,31500,7,Hub_7,319200.0,189000.0,508200.0,203280.0,406560.0
Delhi,Central Delhi,Central Delhi_Village_22,28.8339,77.429,836000,19800,33000,7,Hub_7,334400.0,198000.0,532400.0,212960.0,425920.0
Delhi,Central Delhi,Central Delhi_Village_23,28.8439,77.43900000000001,874000,20700,34500,7,Hub_7,349600.0,207000.0,556600.0,222640.0,445280.0
Delhi,Central Delhi,Central Delhi_Village_24,28.8539,77.449,912000,21600,36000,7,Hub_7,364800.0,216000.0,580800.0,232320.0,464640.0
Delhi,Central Delhi,Central Delhi_Village_25,28.8639,77.459,950000,22500,37500,7,Hub_7,380000.0,225000.0,605000.0,242000.0,484000.0
Delhi,Central Delhi,Central Delhi_Village_26,28.873900000000003,77.46900000000001,988000,23400,39000,7,Hub_7,395200.0,234000.0,629200.0,251680.0,503360.0
Delhi,Central Delhi,Central Delhi_Village_27,28.8839,77.479,1026000,24300,40500,7,Hub_7,410400.0,243000.0,653400.0,261360.0,522720.0
Delhi,Central Delhi,Central Delhi_Village_28,28.893900000000002,77.489,1064000,25200,42000,7,Hub_7,425600.0,252000.0,677600.0,271040.0,542080.0
Delhi,Central Delhi,Central Delhi_Village_29,28.9039,77.49900000000001,1102000,26100,43500,7,Hub_7,440800.0,261000.0,701800.0,280720.0,561440.0
Delhi,Central Delhi,Central Delhi_Village_30,28.9139,77.509,1140000,27000,45000,7,Hub_7,456000.0,270000.0,726000.0,290400.0,580800.0
Delhi,Central Delhi,Central Delhi_Village_31,28.9239,77.519,1178000,27900,46500,7,Hub_7,471200.0,279000.0,750200.0,300080.0,600160.0
Delhi,Central Delhi,Central Delhi_Village_32,28.9339,77.529,1216000,28800,48000,7,Hub_7,486400.0,288000.0,774400.0,309760.0,619520.0
Delhi,Central Delhi,Central Delhi_Village_33,28.9439,77.539,1254000,29700,49500,7,Hub_7,501600.0,297000.0,798600.0,319440.0,638880.0
Delhi,Central Delhi,Central Delhi_Village_34,28.9539,77.549,1292000,30600,51000,7,Hub_7,516800.0,306000.0,822800.0,329120.0,658240.0
Delhi,Central Delhi,Central Delhi_Village_35,28.963900000000002,77.559,1330000,31500,52500,7,Hub_7,532000.0,315000.0,847000.0,338800.0,677600.0
Delhi,Central Delhi,Central Delhi_Village_36,28.9739,77.569,1368000,32400,54000,7,Hub_7,547200.0,324000.0,871200.0,348480.0,696960.0
Delhi,Central Delhi,Central Delhi_Village_37,28.983900000000002,77.57900000000001,1406000,33300,55500,7,Hub_7,562400.0,333000.0,895400.0,358160.0,716320.0
Delhi,Central Delhi,Central Delhi_Village_38,28.9939,77.589,1444000,34200,57000,7,Hub_7,577600.0,342000.0,919600.0,367840.0,735680.0
Delhi,Central Delhi,Central Delhi_Village_39,29.0039,77.599,1482000,35100,58500,7,Hub_7,592800.0,351000.0,943800.0,377520.0,755040.0
Delhi,Central Delhi,Central Delhi_Village_40,29.0139,77.60900000000001,1520000,36000,60000,7,Hub_7,608000.0,360000.0,968000.0,387200.0,774400.0
Delhi,Central Delhi,Central Delhi_Village_41,29.0239,77.619,1558000,36900,61500,7,Hub_7,623200.0,369000.0,992200.0,396880.0,793760.0
Delhi,Central Delhi,Central Delhi_Village_42,29.033900000000003,77.629,1596000,37800,63000,7,Hub_7,638400.0,378000.0,1016400.0,406560.0,813120.0
Delhi,Central Delhi,Central Delhi_Village_43,29.0439,77.63900000000001,1634000,38700,64500,7,Hub_7,653600.0,387000.0,1040600.0,416240.0,832480.0
Delhi,Central Delhi,Central Delhi_Village_44,29.053900000000002,77.649,1672000,39600,66000,7,Hub_7,668800.0,396000.0,1064800.0,425920.0,851840.0
Delhi,Central Delhi,Central Delhi_Village_45,29.0639,77.659,1710000,40500,67500,7,Hub_7,684000.0,405000.0,1089000.0,435600.0,871200.0
Delhi,Central Delhi,Central Delhi_Village_46,29.073900000000002,77.669,1748000,41400,69000,7,Hub_7,699200.0,414000.0,1113200.0,445280.0,890560.0
Delhi,Central Delhi,Central Delhi_Village_47,29.0839,77.679,1786000,42300,70500,7,Hub_7,714400.0,423000.0,1137400.0,454960.0,909920.0
Delhi,Central Delhi,Central Delhi_Village_48,29.0939,77.68900000000001,1824000,43200,72000,7,Hub_7,729600.0,432000.0,1161600.0,464640.0,929280.0
Delhi,Central Delhi,Central Delhi_Village_49,29.1039,77.699,1862000,44100,73500,7,Hub_7,744800.0,441000.0,1185800.0,474320.0,948640.0
Delhi,Central Delhi,Central Delhi_Village_50,29.1139,77.709,1900000,45000,75000,7,Hub_7,760000.0,450000.0,1210000.0,484000.0,968000.0
West Bengal,Kolkata,Kolkata_Village_1,22.582600000000003,88.3739,29600,600,1050,8,Hub_8,11840.0,6000.0,17840.0,7136.0,14272.0
West Bengal,Kolkata,Kolkata_Village_2,22.5926,88.3839,59200,1200,2100,8,Hub_8,23680.0,12000.0,35680.0,14272.0,28544.0
West Bengal,Kolkata,Kolkata_Village_3,22.602600000000002,88.3939,88800,1800,3150,8,Hub_8,35520.0,18000.0,53520.0,21408.0,42816.0
West Bengal,Kolkata,Kolkata_Village_4,22.6126,88.40390000000001,118400,2400,4200,8,Hub_8,47360.0,24000.0,71360.0,28544.0,57088.0
West Bengal,Kolkata,Kolkata_Village_5,22.622600000000002,88.4139,148000,3000,5250,8,Hub_8,59200.0,30000.0,89200.0,35680.0,71360.0
West Bengal,Kolkata,Kolkata_Village_6,22.6326,88.4239,177600,3600,6300,8,Hub_8,71040.0,36000.0,107040.0,42816.0,85632.0
West Bengal,Kolkata,Kolkata_Village_7,22.6426,88.4339,207200,4200,7350,8,Hub_8,82880.0,42000.0,124880.0,49952.0,99904.0
West Bengal,Kolkata,Kolkata_Village_8,22.6526,88.4439,236800,4800,8400,8,Hub_8,94720.0,48000.0,142720.0,57088.0,114176.0
West Bengal,Kolkata,Kolkata_Village_9,22.6626,88.4539,266400,5400,9450,8,Hub_8,106560.0,54000.0,160560.0,64224.0,128448.0
West Bengal,Kolkata,Kolkata_Village_10,22.672600000000003,88.4639,296000,6000,10500,8,Hub_8,118400.0,60000.0,178400.0,71360.0,142720.0
West Bengal,Kolkata,Kolkata_Village_11,22.6826,88.4739,325600,6600,11550,8,Hub_8,130240.0,66000.0,196240.0,78496.0,156992.0
West Bengal,Kolkata,Kolkata_Village_12,22.692600000000002,88.4839,355200,7200,12600,8,Hub_8,142080.0,72000.0,214080.0,85632.0,171264.0
West Bengal,Kolkata,Kolkata_Village_13,22.7026,88.4939,384800,7800,13650,8,Hub_8,153920.0,78000.0,231920.0,92768.0,185536.0
West Bengal,Kolkata,Kolkata_Village_14,22.712600000000002,88.5039,414400,8400,14700,8,Hub_8,165760.0,84000.0,249760.0,99904.0,199808.0
West Bengal,Kolkata,Kolkata_Village_15,22.7226,88.5139,444000,9000,15750,8,Hub_8,177600.0,90000.0,267600.0,107040.0,214080.0
West Bengal,Kolkata,Kolkata_Village_16,22.7326,88.5239,473600,9600,16800,8,Hub_8,189440.0,96000.0,285440.0,114176.0,228352.0
West Bengal,Kolkata,Kolkata_Village_17,22.742600000000003,88.5339,503200,10200,17850,8,Hub_8,201280.0,102000.0,303280.0,121312.0,242624.0
West Bengal,Kolkata,Kolkata_Village_18,22.7526,88.54390000000001,532800,10800,18900,8,Hub_8,213120.0,108000.0,321120.0,128448.0,256896.0
West Bengal,Kolkata,Kolkata_Village_19,22.762600000000003,88.5539,562400,11400,19950,8,Hub_8,224960.0,114000.0,338960.0,135584.0,271168.0
West Bengal,Kolkata,Kolkata_Village_20,22.7726,88.5639,592000,12000,21000,8,Hub_8,236800.0,120000.0,356800.0,142720.0,285440.0
West Bengal,Kolkata,Kolkata_Village_21,22.782600000000002,88.5739,621600,12600,22050,8,Hub_8,248640.0,126000.0,374640.0,149856.0,299712.0
West Bengal,Kolkata,Kolkata_Village_22,22.7926,88.5839,651200,13200,23100,8,Hub_8,260480.0,132000.0,392480.0,156992.0,313984.0
West Bengal,Kolkata,Kolkata_Village_23,22.8026,88.5939,680800,13800,24150,8,Hub_8,272320.0,138000.0,410320.0,164128.0,328256.0
West Bengal,Kolkata,Kolkata_Village_24,22.8126,88.6039,710400,14400,25200,8,Hub_8,284160.0,144000.0,428160.0,171264.0,342528.0
West Bengal,Kolkata,Kolkata_Village_25,22.8226,88.6139,740000,15000,26250,8,Hub_8,296000.0,150000.0,446000.0,178400.0,356800.0
West Bengal,Kolkata,Kolkata_Village_26,22.832600000000003,88.6239,769600,15600,27300,8,Hub_8,307840.0,156000.0,463840.0,185536.0,371072.0
West Bengal,Kolkata,Kolkata_Village_27,22.8426,88.6339,799200,16200,28350,8,Hub_8,319680.0,162000.0,481680.0,192672.0,385344.0
West Bengal,Kolkata,Kolkata_Village_28,22.852600000000002,88.6439,828800,16800,29400,8,Hub_8,331520.0,168000.0,499520.0,199808.0,399616.0
West Bengal,Kolkata,Kolkata_Village_29,22.8626,88.65390000000001,858400,17400,30450,8,Hub_8,343360.0,174000.0,517360.0,206944.0,413888.0
West Bengal,Kolkata,Kolkata_Village_30,22.872600000000002,88.6639,888000,18000,31500,8,Hub_8,355200.0,180000.0,535200.0,214080.0,428160.0
West Bengal,Kolkata,Kolkata_Village_31,22.8826,88.6739,917600,18600,32550,8,Hub_8,367040.0,186000.0,553040.0,221216.0,442432.0
West Bengal,Kolkata,Kolkata_Village_32,22.8926,88.6839,947200,19200,33600,8,Hub_8,378880.0,192000.0,570880.0,228352.0,456704.0
West Bengal,Kolkata,Kolkata_Village_33,22.9026,88.6939,976800,19800,34650,8,Hub_8,390720.0,198000.0,588720.0,235488.0,470976.0
West Bengal,Kolkata,Kolkata_Village_34,22.9126,88.7039,1006400,20400,35700,8,Hub_8,402560.0,204000.0,606560.0,242624.0,485248.0
West Bengal,Kolkata,Kolkata_Village_35,22.922600000000003,88.7139,1036000,21000,36750,8,Hub_8,414400.0,210000.0,624400.0,249760.0,499520.0
West Bengal,Kolkata,Kolkata_Village_36,22.9326,88.7239,1065600,21600,37800,8,Hub_8,426240.0,216000.0,642240.0,256896.0,513792.0
West Bengal,Kolkata,Kolkata_Village_37,22.942600000000002,88.7339,1095200,22200,38850,8,Hub_8,438080.0,222000.0,660080.0,264032.0,528064.0
West Bengal,Kolkata,Kolkata_Village_38,22.9526,88.7439,1124800,22800,39900,8,Hub_8,449920.0,228000.0,677920.0,271168.0,542336.0
West Bengal,Kolkata,Kolkata_Village_39,22.962600000000002,88.7539,1154400,23400,40950,8,Hub_8,461760.0,234000.0,695760.0,278304.0,556608.0
West Bengal,Kolkata,Kolkata_Village_40,22.9726,88.7639,1184000,24000,42000,8,Hub_8,473600.0,240000.0,713600.0,285440.0,570880.0
West Bengal,Kolkata,Kolkata_Village_41,22.9826,88.7739,1213600,24600,43050,8,Hub_8,485440.0,246000.0,731440.0,292576.0,585152.0
West Bengal,Kolkata,Kolkata_Village_42,22.992600000000003,88.7839,1243200,25200,44100,8,Hub_8,497280.0,252000.0,749280.0,299712.0,599424.0
West Bengal,Kolkata,Kolkata_Village_43,23.0026,88.79390000000001,1272800,25800,45150,8,Hub_8,509120.0,258000.0,767120.0,306848.0,613696.0
West Bengal,Kolkata,Kolkata_Village_44,23.012600000000003,88.8039,1302400,26400,46200,8,Hub_8,520960.0,264000.0,784960.0,313984.0,627968.0
West Bengal,Kolkata,Kolkata_Village_45,23.0226,88.8139,1332000,27000,47250,8,Hub_8,532800.0,270000.0,802800.0,321120.0,642240.0
West Bengal,Kolkata,Kolkata_Village_46,23.032600000000002,88.8239,1361600,27600,48300,8,Hub_8,544640.0,276000.0,820640.0,328256.0,656512.0
West Bengal,Kolkata,Kolkata_Village_47,23.0426,88.8339,1391200,28200,49350,8,Hub_8,556480.0,282000.0,838480.0,335392.0,670784.0
West Bengal,Kolkata,Kolkata_Village_48,23.0526,88.8439,1420800,28800,50400,8,Hub_8,568320.0,288000.0,856320.0,342528.0,685056.0
West Bengal,Kolkata,Kolkata_Village_49,23.0626,88.8539,1450400,29400,51450,8,Hub_8,580160.0,294000.0,874160.0,349664.0,699328.0
West Bengal,Kolkata,Kolkata_Village_50,23.0726,88.8639,1480000,30000,52500,8,Hub_8,592000.0,300000.0,892000.0,356800.0,713600.0
Uttar Pradesh,Lucknow,Lucknow_Village_1,26.8567,80.95620000000001,7200,840,1050,9,Hub_9,2880.0,8400.0,11280.0,4512.0,9024.0
Uttar Pradesh,Lucknow,Lucknow_Village_2,26.866699999999998,80.9662,14400,1680,2100,9,Hub_9,5760.0,16800.0,22560.0,9024.0,18048.0
Uttar Pradesh,Lucknow,Lucknow_Village_3,26.8767,80.9762,21600,2520,3150,9,Hub_9,8640.0,25200.0,33840.0,13536.0,27072.0
Uttar Pradesh,Lucknow,Lucknow_Village_4,26.886699999999998,80.98620000000001,28800,3360,4200,9,Hub_9,11520.0,33600.0,45120.0,18048.0,36096.0
Uttar Pradesh,Lucknow,Lucknow_Village_5,26.8967,80.9962,36000,4200,5250,9,Hub_9,14400.0,42000.0,56400.0,22560.0,45120.0
Uttar Pradesh,Lucknow,Lucknow_Village_6,26.906699999999997,81.0062,43200,5040,6300,9,Hub_9,17280.0,50400.0,67680.0,27072.0,54144.0
Uttar Pradesh,Lucknow,Lucknow_Village_7,26.9167,81.0162,50400,5880,7350,9,Hub_9,20160.0,58800.0,78960.0,31584.0,63168.0
Uttar Pradesh,Lucknow,Lucknow_Village_8,26.926699999999997,81.0262,57600,6720,8400,9,Hub_9,23040.0,67200.0,90240.0,36096.0,72192.0
Uttar Pradesh,Lucknow,Lucknow_Village_9,26.9367,81.03620000000001,64800,7560,9450,9,Hub_9,25920.0,75600.0,101520.0,40608.0,81216.0
Uttar Pradesh,Lucknow,Lucknow_Village_10,26.9467,81.0462,72000,8400,10500,9,Hub_9,28800.0,84000.0,112800.0,45120.0,90240.0
Uttar Pradesh,Lucknow,Lucknow_Village_11,26.956699999999998,81.0562,79200,9240,11550,9,Hub_9,31680.0,92400.0,124080.0,49632.0,99264.0
Uttar Pradesh,Lucknow,Lucknow_Village_12,26.9667,81.06620000000001,86400,10080,12600,9,Hub_9,34560.0,100800.0,135360.0,54144.0,108288.0
Uttar Pradesh,Lucknow,Lucknow_Village_13,26.976699999999997,81.0762,93600,10920,13650,9,Hub_9,37440.0,109200.0,146640.0,58656.0,117312.0
Uttar Pradesh,Lucknow,Lucknow_Village_14,26.9867,81.0862,100800,11760,14700,9,Hub_9,40320.0,117600.0,157920.0,63168.0,126336.0
Uttar Pradesh,Lucknow,Lucknow_Village_15,26.996699999999997,81.09620000000001,108000,12600,15750,9,Hub_9,43200.0,126000.0,169200.0,67680.0,135360.0
Uttar Pradesh,Lucknow,Lucknow_Village_16,27.0067,81.1062,115200,13440,16800,9,Hub_9,46080.0,134400.0,180480.0,72192.0,144384.0
Uttar Pradesh,Lucknow,Lucknow_Village_17,27.0167,81.1162,122400,14280,17850,9,Hub_9,48960.0,142800.0,191760.0,76704.0,153408.0
Uttar Pradesh,Lucknow,Lucknow_Village_18,27.026699999999998,81.12620000000001,129600,15120,18900,9,Hub_9,51840.0,151200.0,203040.0,81216.0,162432.0
Uttar Pradesh,Lucknow,Lucknow_Village_19,27.0367,81.1362,136800,15960,19950,9,Hub_9,54720.0,159600.0,214320.0,85728.0,171456.0
Uttar Pradesh,Lucknow,Lucknow_Village_20,27.046699999999998,81.14620000000001,144000,16800,21000,9,Hub_9,57600.0,168000.0,225600.0,90240.0,180480.0
Uttar Pradesh,Lucknow,Lucknow_Village_21,27.0567,81.1562,151200,17640,22050,9,Hub_9,60480.0,176400.0,236880.0,94752.0,189504.0
Uttar Pradesh,Lucknow,Lucknow_Village_22,27.066699999999997,81.1662,158400,18480,23100,9,Hub_9,63360.0,184800.0,248160.0,99264.0,198528.0
Uttar Pradesh,Lucknow,Lucknow_Village_23,27.0767,81.17620000000001,165600,19320,24150,9,Hub_9,66240.0,193200.0,259440.0,103776.0,207552.0
Uttar Pradesh,Lucknow,Lucknow_Village_24,27.086699999999997,81.1862,172800,20160,25200,9,Hub_9,69120.0,201600.0,270720.0,108288.0,216576.0
Uttar Pradesh,Lucknow,Lucknow_Village_25,27.0967,81.1962,180000,21000,26250,9,Hub_9,72000.0,210000.0,282000.0,112800.0,225600.0
Uttar Pradesh,Lucknow,Lucknow_Village_26,27.1067,81.20620000000001,187200,21840,27300,9,Hub_9,74880.0,218400.0,293280.0,117312.0,234624.0
Uttar Pradesh,Lucknow,Lucknow_Village_27,27.116699999999998,81.2162,194400,22680,28350,9,Hub_9,77760.0,226800.0,304560.0,121824.0,243648.0
Uttar Pradesh,Lucknow,Lucknow_Village_28,27.1267,81.2262,201600,23520,29400,9,Hub_9,80640.0,235200.0,315840.0,126336.0,252672.0
Uttar Pradesh,Lucknow,Lucknow_Village_29,27.136699999999998,81.23620000000001,208800,24360,30450,9,Hub_9,83520.0,243600.0,327120.0,130848.0,261696.0
Uttar Pradesh,Lucknow,Lucknow_Village_30,27.1467,81.2462,216000,25200,31500,9,Hub_9,86400.0,252000.0,338400.0,135360.0,270720.0
Uttar Pradesh,Lucknow,Lucknow_Village_31,27.156699999999997,81.2562,223200,26040,32550,9,Hub_9,89280.0,260400.0,349680.0,139872.0,279744.0
Uttar Pradesh,Lucknow,Lucknow_Village_32,27.1667,81.2662,230400,26880,33600,9,Hub_9,92160.0,268800.0,360960.0,144384.0,288768.0
Uttar Pradesh,Lucknow,Lucknow_Village_33,27.176699999999997,81.2762,237600,27720,34650,9,Hub_9,95040.0,277200.0,372240.0,148896.0,297792.0
Uttar Pradesh,Lucknow,Lucknow_Village_34,27.1867,81.28620000000001,244800,28560,35700,9,Hub_9,97920.0,285600.0,383520.0,153408.0,306816.0
Uttar Pradesh,Lucknow,Lucknow_Village_35,27.1967,81.2962,252000,29400,36750,9,Hub_9,100800.0,294000.0,394800.0,157920.0,315840.0
Uttar Pradesh,Lucknow,Lucknow_Village_36,27.206699999999998,81.3062,259200,30240,37800,9,Hub_9,103680.0,302400.0,406080.0,162432.0,324864.0
Uttar Pradesh,Lucknow,Lucknow_Village_37,27.2167,81.31620000000001,266400,31080,38850,9,Hub_9,106560.0,310800.0,417360.0,166944.0,333888.0
Uttar Pradesh,Lucknow,Lucknow_Village_38,27.226699999999997,81.3262,273600,31920,39900,9,Hub_9,109440.0,319200.0,428640.0,171456.0,342912.0
Uttar Pradesh,Lucknow,Lucknow_Village_39,27.2367,81.3362,280800,32760,40950,9,Hub_9,112320.0,327600.0,439920.0,175968.0,351936.0
Uttar Pradesh,Lucknow,Lucknow_Village_40,27.246699999999997,81.34620000000001,288000,33600,42000,9,Hub_9,115200.0,336000.0,451200.0,180480.0,360960.0
Uttar Pradesh,Lucknow,Lucknow_Village_41,27.2567,81.3562,295200,34440,43050,9,Hub_9,118080.0,344400.0,462480.0,184992.0,369984.0
Uttar Pradesh,Lucknow,Lucknow_Village_42,27.2667,81.3662,302400,35280,44100,9,Hub_9,120960.0,352800.0,473760.0,189504.0,379008.0
Uttar Pradesh,Lucknow,Lucknow_Village_43,27.276699999999998,81.37620000000001,309600,36120,45150,9,Hub_9,123840.0,361200.0,485040.0,194016.0,388032.0
Uttar Pradesh,Lucknow,Lucknow_Village_44,27.2867,81.3862,316800,36960,46200,9,Hub_9,126720.0,369600.0,496320.0,198528.0,397056.0
Uttar Pradesh,Lucknow,Lucknow_Village_45,27.296699999999998,81.39620000000001,324000,37800,47250,9,Hub_9,129600.0,378000.0,507600.0,203040.0,406080.0
Uttar Pradesh,Lucknow,Lucknow_Village_46,27.3067,81.4062,331200,38640,48300,9,Hub_9,132480.0,386400.0,518880.0,207552.0,415104.0
Uttar Pradesh,Lucknow,Lucknow_Village_47,27.316699999999997,81.4162,338400,39480,49350,9,Hub_9,135360.0,394800.0,530160.0,212064.0,424128.0
Uttar Pradesh,Lucknow,Lucknow_Village_48,27.3267,81.42620000000001,345600,40320,50400,9,Hub_9,138240.0,403200.0,541440.0,216576.0,433152.0
Uttar Pradesh,Lucknow,Lucknow_Village_49,27.336699999999997,81.4362,352800,41160,51450,9,Hub_9,141120.0,411600.0,552720.0,221088.0,442176.0
Uttar Pradesh,Lucknow,Lucknow_Village_50,27.3467,81.4462,360000,42000,52500,9,Hub_9,144000.0,420000.0,564000.0,225600.0,451200.0
Gujarat,Ahmedabad,Ahmedabad_Village_1,23.032500000000002,72.5814,16000,750,1350,10,Hub_10,6400.0,7500.0,13900.0,5560.0,11120.0
Gujarat,Ahmedabad,Ahmedabad_Village_2,23.0425,72.5914,32000,1500,2700,10,Hub_10,12800.0,15000.0,27800.0,11120.0,22240.0
Gujarat,Ahmedabad,Ahmedabad_Village_3,23.052500000000002,72.6014,48000,2250,4050,10,Hub_10,19200.0,22500.0,41700.0,16680.0,33360.0
Gujarat,Ahmedabad,Ahmedabad_Village_4,23.0625,72.6114,64000,3000,5400,10,Hub_10,25600.0,30000.0,55600.0,22240.0,44480.0
Gujarat,Ahmedabad,Ahmedabad_Village_5,23.0725,72.6214,80000,3750,6750,10,Hub_10,32000.0,37500.0,69500.0,27800.0,55600.0
Gujarat,Ahmedabad,Ahmedabad_Village_6,23.0825,72.6314,96000,4500,8100,10,Hub_10,38400.0,45000.0,83400.0,33360.0,66720.0
Gujarat,Ahmedabad,Ahmedabad_Village_7,23.0925,72.64139999999999,112000,5250,9450,10,Hub_10,44800.0,52500.0,97300.0,38920.0,77840.0
Gujarat,Ahmedabad,Ahmedabad_Village_8,23.1025,72.6514,128000,6000,10800,10,Hub_10,51200.0,60000.0,111200.0,44480.0,88960.0
Gujarat,Ahmedabad,Ahmedabad_Village_9,23.1125,72.6614,144000,6750,12150,10,Hub_10,57600.0,67500.0,125100.0,50040.0,100080.0
Gujarat,Ahmedabad,Ahmedabad_Village_10,23.122500000000002,72.67139999999999,160000,7500,13500,10,Hub_10,64000.0,75000.0,139000.0,55600.0,111200.0
Gujarat,Ahmedabad,Ahmedabad_Village_11,23.1325,72.6814,176000,8250,14850,10,Hub_10,70400.0,82500.0,152900.0,61160.0,122320.0
Gujarat,Ahmedabad,Ahmedabad_Village_12,23.142500000000002,72.6914,192000,9000,16200,10,Hub_10,76800.0,90000.0,166800.0,66720.0,133440.0
Gujarat,Ahmedabad,Ahmedabad_Village_13,23.1525,72.70139999999999,208000,9750,17550,10,Hub_10,83200.0,97500.0,180700.0,72280.0,144560.0
Gujarat,Ahmedabad,Ahmedabad_Village_14,23.1625,72.7114,224000,10500,18900,10,Hub_10,89600.0,105000.0,194600.0,77840.0,155680.0
Gujarat,Ahmedabad,Ahmedabad_Village_15,23.1725,72.7214,240000,11250,20250,10,Hub_10,96000.0,112500.0,208500.0,83400.0,166800.0
Gujarat,Ahmedabad,Ahmedabad_Village_16,23.1825,72.7314,256000,12000,21600,10,Hub_10,102400.0,120000.0,222400.0,88960.0,177920.0
Gujarat,Ahmedabad,Ahmedabad_Village_17,23.192500000000003,72.7414,272000,12750,22950,10,Hub_10,108800.0,127500.0,236300.0,94520.0,189040.0
Gujarat,Ahmedabad,Ahmedabad_Village_18,23.2025,72.7514,288000,13500,24300,10,Hub_10,115200.0,135000.0,250200.0,100080.0,200160.0
Gujarat,Ahmedabad,Ahmedabad_Village_19,23.212500000000002,72.7614,304000,14250,25650,10,Hub_10,121600.0,142500.0,264100.0,105640.0,211280.0
Gujarat,Ahmedabad,Ahmedabad_Village_20,23.2225,72.7714,320000,15000,27000,10,Hub_10,128000.0,150000.0,278000.0,111200.0,222400.0
Gujarat,Ahmedabad,Ahmedabad_Village_21,23.2325,72.78139999999999,336000,15750,28350,10,Hub_10,134400.0,157500.0,291900.0,116760.0,233520.0
Gujarat,Ahmedabad,Ahmedabad_Village_22,23.2425,72.7914,352000,16500,29700,10,Hub_10,140800.0,165000.0,305800.0,122320.0,244640.0
Gujarat,Ahmedabad,Ahmedabad_Village_23,23.2525,72.8014,368000,17250,31050,10,Hub_10,147200.0,172500.0,319700.0,127880.0,255760.0
Gujarat,Ahmedabad,Ahmedabad_Village_24,23.2625,72.81139999999999,384000,18000,32400,10,Hub_10,153600.0,180000.0,333600.0,133440.0,266880.0
Gujarat,Ahmedabad,Ahmedabad_Village_25,23.2725,72.8214,400000,18750,33750,10,Hub_10,160000.0,187500.0,347500.0,139000.0,278000.0
Gujarat,Ahmedabad,Ahmedabad_Village_26,23.282500000000002,72.8314,416000,19500,35100,10,Hub_10,166400.0,195000.0,361400.0,144560.0,289120.0
Gujarat,Ahmedabad,Ahmedabad_Village_27,23.2925,72.8414,432000,20250,36450,10,Hub_10,172800.0,202500.0,375300.0,150120.0,300240.0
Gujarat,Ahmedabad,Ahmedabad_Village_28,23.302500000000002,72.8514,448000,21000,37800,10,Hub_10,179200.0,210000.0,389200.0,155680.0,311360.0
Gujarat,Ahmedabad,Ahmedabad_Village_29,23.3125,72.8614,464000,21750,39150,10,Hub_10,185600.0,217500.0,403100.0,161240.0,322480.0
Gujarat,Ahmedabad,Ahmedabad_Village_30,23.3225,72.8714,480000,22500,40500,10,Hub_10,192000.0,225000.0,417000.0,166800.0,333600.0
Gujarat,Ahmedabad,Ahmedabad_Village_31,23.3325,72.8814,496000,23250,41850,10,Hub_10,198400.0,232500.0,430900.0,172360.0,344720.0
Gujarat,Ahmedabad,Ahmedabad_Village_32,23.3425,72.89139999999999,512000,24000,43200,10,Hub_10,204800.0,240000.0,444800.0,177920.0,355840.0
Gujarat,Ahmedabad,Ahmedabad_Village_33,23.3525,72.9014,528000,24750,44550,10,Hub_10,211200.0,247500.0,458700.0,183480.0,366960.0
Gujarat,Ahmedabad,Ahmedabad_Village_34,23.3625,72.9114,544000,25500,45900,10,Hub_10,217600.0,255000.0,472600.0,189040.0,378080.0
Gujarat,Ahmedabad,Ahmedabad_Village_35,23.372500000000002,72.92139999999999,560000,26250,47250,10,Hub_10,224000.0,262500.0,486500.0,194600.0,389200.0
Gujarat,Ahmedabad,Ahmedabad_Village_36,23.3825,72.9314,576000,27000,48600,10,Hub_10,230400.0,270000.0,500400.0,200160.0,400320.0
Gujarat,Ahmedabad,Ahmedabad_Village_37,23.392500000000002,72.9414,592000,27750,49950,10,Hub_10,236800.0,277500.0,514300.0,205720.0,411440.0
Gujarat,Ahmedabad,Ahmedabad_Village_38,23.4025,72.95139999999999,608000,28500,51300,10,Hub_10,243200.0,285000.0,528200.0,211280.0,422560.0
Gujarat,Ahmedabad,Ahmedabad_Village_39,23.4125,72.9614,624000,29250,52650,10,Hub_10,249600.0,292500.0,542100.0,216840.0,433680.0
Gujarat,Ahmedabad,Ahmedabad_Village_40,23.4225,72.9714,640000,30000,54000,10,Hub_10,256000.0,300000.0,556000.0,222400.0,444800.0
Gujarat,Ahmedabad,Ahmedabad_Village_41,23.4325,72.9814,656000,30750,55350,10,Hub_10,262400.0,307500.0,569900.0,227960.0,455920.0
Gujarat,Ahmedabad,Ahmedabad_Village_42,23.442500000000003,72.9914,672000,31500,56700,10,Hub_10,268800.0,315000.0,583800.0,233520.0,467040.0
Gujarat,Ahmedabad,Ahmedabad_Village_43,23.4525,73.0014,688000,32250,58050,10,Hub_10,275200.0,322500.0,597700.0,239080.0,478160.0
Gujarat,Ahmedabad,Ahmedabad_Village_44,23.462500000000002,73.0114,704000,33000,59400,10,Hub_10,281600.0,330000.0,611600.0,244640.0,489280.0
Gujarat,Ahmedabad,Ahmedabad_Village_45,23.4725,73.0214,720000,33750,60750,10,Hub_10,288000.0,337500.0,625500.0,250200.0,500400.0
Gujarat,Ahmedabad,Ahmedabad_Village_46,23.4825,73.03139999999999,736000,34500,62100,10,Hub_10,294400.0,345000.0,639400.0,255760.0,511520.0
Gujarat,Ahmedabad,Ahmedabad_Village_47,23.4925,73.0414,752000,35250,63450,10,Hub_10,300800.0,352500.0,653300.0,261320.0,522640.0
Gujarat,Ahmedabad,Ahmedabad_Village_48,23.5025,73.0514,768000,36000,64800,10,Hub_10,307200.0,360000.0,667200.0,266880.0,533760.0
Gujarat,Ahmedabad,Ahmedabad_Village_49,23.5125,73.06139999999999,784000,36750,66150,10,Hub_10,313600.0,367500.0,681100.0,272440.0,544880.0
Gujarat,Ahmedabad,Ahmedabad_Village_50,23.5225,73.0714,800000,37500,67500,10,Hub_10,320000.0,375000.0,695000.0,278000.0,556000.0
Rajasthan,Jaipur,Jaipur_Village_1,26.922400000000003,75.7973,8200,900,1200,11,Hub_11,3280.0,9000.0,12280.0,4912.0,9824.0
Rajasthan,Jaipur,Jaipur_Village_2,26.9324,75.8073,16400,1800,2400,11,Hub_11,6560.0,18000.0,24560.0,9824.0,19648.0
Rajasthan,Jaipur,Jaipur_Village_3,26.942400000000003,75.8173,24600,2700,3600,11,Hub_11,9840.0,27000.0,36840.0,14736.0,29472.0
Rajasthan,Jaipur,Jaipur_Village_4,26.9524,75.82730000000001,32800,3600,4800,11,Hub_11,13120.0,36000.0,49120.0,19648.0,39296.0
Rajasthan,Jaipur,Jaipur_Village_5,26.962400000000002,75.8373,41000,4500,6000,11,Hub_11,16400.0,45000.0,61400.0,24560.0,49120.0
Rajasthan,Jaipur,Jaipur_Village_6,26.9724,75.8473,49200,5400,7200,11,Hub_11,19680.0,54000.0,73680.0,29472.0,58944.0
Rajasthan,Jaipur,Jaipur_Village_7,26.982400000000002,75.8573,57400,6300,8400,11,Hub_11,22960.0,63000.0,85960.0,34384.0,68768.0
Rajasthan,Jaipur,Jaipur_Village_8,26.9924,75.8673,65600,7200,9600,11,Hub_11,26240.0,72000.0,98240.0,39296.0,78592.0
Rajasthan,Jaipur,Jaipur_Village_9,27.0024,75.8773,73800,8100,10800,11,Hub_11,29520.0,81000.0,110520.0,44208.0,88416.0
Rajasthan,Jaipur,Jaipur_Village_10,27.012400000000003,75.8873,82000,9000,12000,11,Hub_11,32800.0,90000.0,122800.0,49120.0,98240.0
Rajasthan,Jaipur,Jaipur_Village_11,27.0224,75.8973,90200,9900,13200,11,Hub_11,36080.0,99000.0,135080.0,54032.0,108064.0
Rajasthan,Jaipur,Jaipur_Village_12,27.032400000000003,75.9073,98400,10800,14400,11,Hub_11,39360.0,108000.0,147360.0,58944.0,117888.0
Rajasthan,Jaipur,Jaipur_Village_13,27.0424,75.9173,106600,11700,15600,11,Hub_11,42640.0,117000.0,159640.0,63856.0,127712.0
Rajasthan,Jaipur,Jaipur_Village_14,27.052400000000002,75.9273,114800,12600,16800,11,Hub_11,45920.0,126000.0,171920.0,68768.0,137536.0
Rajasthan,Jaipur,Jaipur_Village_15,27.0624,75.93730000000001,123000,13500,18000,11,Hub_11,49200.0,135000.0,184200.0,73680.0,147360.0
Rajasthan,Jaipur,Jaipur_Village_16,27.072400000000002,75.9473,131200,14400,19200,11,Hub_11,52480.0,144000.0,196480.0,78592.0,157184.0
Rajasthan,Jaipur,Jaipur_Village_17,27.082400000000003,75.9573,139400,15300,20400,11,Hub_11,55760.0,153000.0,208760.0,83504.0,167008.0
Rajasthan,Jaipur,Jaipur_Village_18,27.0924,75.96730000000001,147600,16200,21600,11,Hub_11,59040.0,162000.0,221040.0,88416.0,176832.0
Rajasthan,Jaipur,Jaipur_Village_19,27.102400000000003,75.9773,155800,17100,22800,11,Hub_11,62320.0,171000.0,233320.0,93328.0,186656.0
Rajasthan,Jaipur,Jaipur_Village_20,27.1124,75.9873,164000,18000,24000,11,Hub_11,65600.0,180000.0,245600.0,98240.0,196480.0
Rajasthan,Jaipur,Jaipur_Village_21,27.122400000000003,75.9973,172200,18900,25200,11,Hub_11,68880.0,189000.0,257880.0,103152.0,206304.0
Rajasthan,Jaipur,Jaipur_Village_22,27.1324,76.0073,180400,19800,26400,11,Hub_11,72160.0,198000.0,270160.0,108064.0,216128.0
Rajasthan,Jaipur,Jaipur_Village_23,27.142400000000002,76.0173,188600,20700,27600,11,Hub_11,75440.0,207000.0,282440.0,112976.0,225952.0
Rajasthan,Jaipur,Jaipur_Village_24,27.1524,76.0273,196800,21600,28800,11,Hub_11,78720.0,216000.0,294720.0,117888.0,235776.0
Rajasthan,Jaipur,Jaipur_Village_25,27.1624,76.0373,205000,22500,30000,11,Hub_11,82000.0,225000.0,307000.0,122800.0,245600.0
Rajasthan,Jaipur,Jaipur_Village_26,27.172400000000003,76.0473,213200,23400,31200,11,Hub_11,85280.0,234000.0,319280.0,127712.0,255424.0
Rajasthan,Jaipur,Jaipur_Village_27,27.1824,76.0573,221400,24300,32400,11,Hub_11,88560.0,243000.0,331560.0,132624.0,265248.0
Rajasthan,Jaipur,Jaipur_Village_28,27.192400000000003,76.0673,229600,25200,33600,11,Hub_11,91840.0,252000.0,343840.0,137536.0,275072.0
Rajasthan,Jaipur,Jaipur_Village_29,27.2024,76.07730000000001,237800,26100,34800,11,Hub_11,95120.0,261000.0,356120.0,142448.0,284896.0
Rajasthan,Jaipur,Jaipur_Village_30,27.212400000000002,76.0873,246000,27000,36000,11,Hub_11,98400.0,270000.0,368400.0,147360.0,294720.0
Rajasthan,Jaipur,Jaipur_Village_31,27.2224,76.0973,254200,27900,37200,11,Hub_11,101680.0,279000.0,380680.0,152272.0,304544.0
Rajasthan,Jaipur,Jaipur_Village_32,27.232400000000002,76.1073,262400,28800,38400,11,Hub_11,104960.0,288000.0,392960.0,157184.0,314368.0
Rajasthan,Jaipur,Jaipur_Village_33,27.2424,76.1173,270600,29700,39600,11,Hub_11,108240.0,297000.0,405240.0,162096.0,324192.0
Rajasthan,Jaipur,Jaipur_Village_34,27.2524,76.1273,278800,30600,40800,11,Hub_11,111520.0,306000.0,417520.0,167008.0,334016.0
Rajasthan,Jaipur,Jaipur_Village_35,27.262400000000003,76.1373,287000,31500,42000,11,Hub_11,114800.0,315000.0,429800.0,171920.0,343840.0
Rajasthan,Jaipur,Jaipur_Village_36,27.2724,76.1473,295200,32400,43200,11,Hub_11,118080.0,324000.0,442080.0,176832.0,353664.0
Rajasthan,Jaipur,Jaipur_Village_37,27.282400000000003,76.1573,303400,33300,44400,11,Hub_11,121360.0,333000.0,454360.0,181744.0,363488.0
Rajasthan,Jaipur,Jaipur_Village_38,27.2924,76.1673,311600,34200,45600,11,Hub_11,124640.0,342000.0,466640.0,186656.0,373312.0
Rajasthan,Jaipur,Jaipur_Village_39,27.302400000000002,76.1773,319800,35100,46800,11,Hub_11,127920.0,351000.0,478920.0,191568.0,383136.0
Rajasthan,Jaipur,Jaipur_Village_40,27.3124,76.18730000000001,328000,36000,48000,11,Hub_11,131200.0,360000.0,491200.0,196480.0,392960.0
Rajasthan,Jaipur,Jaipur_Village_41,27.322400000000002,76.1973,336200,36900,49200,11,Hub_11,134480.0,369000.0,503480.0,201392.0,402784.0
Rajasthan,Jaipur,Jaipur_Village_42,27.332400000000003,76.2073,344400,37800,50400,11,Hub_11,137760.0,378000.0,515760.0,206304.0,412608.0
Rajasthan,Jaipur,Jaipur_Village_43,27.3424,76.21730000000001,352600,38700,51600,11,Hub_11,141040.0,387000.0,528040.0,211216.0,422432.0
Rajasthan,Jaipur,Jaipur_Village_44,27.352400000000003,76.2273,360800,39600,52800,11,Hub_11,144320.0,396000.0,540320.0,216128.0,432256.0
Rajasthan,Jaipur,Jaipur_Village_45,27.3624,76.2373,369000,40500,54000,11,Hub_11,147600.0,405000.0,552600.0,221040.0,442080.0
Rajasthan,Jaipur,Jaipur_Village_46,27.372400000000003,76.2473,377200,41400,55200,11,Hub_11,150880.0,414000.0,564880.0,225952.0,451904.0
Rajasthan,Jaipur,Jaipur_Village_47,27.3824,76.2573,385400,42300,56400,11,Hub_11,154160.0,423000.0,577160.0,230864.0,461728.0
Rajasthan,Jaipur,Jaipur_Village_48,27.392400000000002,76.2673,393600,43200,57600,11,Hub_11,157440.0,432000.0,589440.0,235776.0,471552.0
Rajasthan,Jaipur,Jaipur_Village_49,27.4024,76.2773,401800,44100,58800,11,Hub_11,160720.0,441000.0,601720.0,240688.0,481376.0
Rajasthan,Jaipur,Jaipur_Village_50,27.4124,76.2873,410000,45000,60000,11,Hub_11,164000.0,450000.0,614000.0,245600.0,491200.0
Madhya Pradesh,Indore,Indore_Village_1,22.7296,75.8677,6000,660,960,12,Hub_12,2400.0,6600.0,9000.0,3600.0,7200.0
Madhya Pradesh,Indore,Indore_Village_2,22.7396,75.87769999999999,12000,1320,1920,12,Hub_12,4800.0,13200.0,18000.0,7200.0,14400.0
Madhya Pradesh,Indore,Indore_Village_3,22.7496,75.8877,18000,1980,2880,12,Hub_12,7200.0,19800.0,27000.0,10800.0,21600.0
Madhya Pradesh,Indore,Indore_Village_4,22.7596,75.8977,24000,2640,3840,12,Hub_12,9600.0,26400.0,36000.0,14400.0,28800.0
Madhya Pradesh,Indore,Indore_Village_5,22.7696,75.90769999999999,30000,3300,4800,12,Hub_12,12000.0,33000.0,45000.0,18000.0,36000.0
Madhya Pradesh,Indore,Indore_Village_6,22.7796,75.9177,36000,3960,5760,12,Hub_12,14400.0,39600.0,54000.0,21600.0,43200.0
Madhya Pradesh,Indore,Indore_Village_7,22.7896,75.92769999999999,42000,4620,6720,12,Hub_12,16800.0,46200.0,63000.0,25200.0,50400.0
Madhya Pradesh,Indore,Indore_Village_8,22.799599999999998,75.93769999999999,48000,5280,7680,12,Hub_12,19200.0,52800.0,72000.0,28800.0,57600.0
Madhya Pradesh,Indore,Indore_Village_9,22.8096,75.9477,54000,5940,8640,12,Hub_12,21600.0,59400.0,81000.0,32400.0,64800.0
Madhya Pradesh,Indore,Indore_Village_10,22.8196,75.95769999999999,60000,6600,9600,12,Hub_12,24000.0,66000.0,90000.0,36000.0,72000.0
Madhya Pradesh,Indore,Indore_Village_11,22.8296,75.9677,66000,7260,10560,12,Hub_12,26400.0,72600.0,99000.0,39600.0,79200.0
Madhya Pradesh,Indore,Indore_Village_12,22.8396,75.9777,72000,7920,11520,12,Hub_12,28800.0,79200.0,108000.0,43200.0,86400.0
Madhya Pradesh,Indore,Indore_Village_13,22.8496,75.98769999999999,78000,8580,12480,12,Hub_12,31200.0,85800.0,117000.0,46800.0,93600.0
Madhya Pradesh,Indore,Indore_Village_14,22.8596,75.9977,84000,9240,13440,12,Hub_12,33600.0,92400.0,126000.0,50400.0,100800.0
Madhya Pradesh,Indore,Indore_Village_15,22.8696,76.0077,90000,9900,14400,12,Hub_12,36000.0,99000.0,135000.0,54000.0,108000.0
Madhya Pradesh,Indore,Indore_Village_16,22.8796,76.01769999999999,96000,10560,15360,12,Hub_12,38400.0,105600.0,144000.0,57600.0,115200.0
Madhya Pradesh,Indore,Indore_Village_17,22.8896,76.0277,102000,11220,16320,12,Hub_12,40800.0,112200.0,153000.0,61200.0,122400.0
Madhya Pradesh,Indore,Indore_Village_18,22.8996,76.0377,108000,11880,17280,12,Hub_12,43200.0,118800.0,162000.0,64800.0,129600.0
Madhya Pradesh,Indore,Indore_Village_19,22.9096,76.04769999999999,114000,12540,18240,12,Hub_12,45600.0,125400.0,171000.0,68400.0,136800.0
Madhya Pradesh,Indore,Indore_Village_20,22.9196,76.0577,120000,13200,19200,12,Hub_12,48000.0,132000.0,180000.0,72000.0,144000.0
Madhya Pradesh,Indore,Indore_Village_21,22.9296,76.06769999999999,126000,13860,20160,12,Hub_12,50400.0,138600.0,189000.0,75600.0,151200.0
Madhya Pradesh,Indore,Indore_Village_22,22.9396,76.0777,132000,14520,21120,12,Hub_12,52800.0,145200.0,198000.0,79200.0,158400.0
Madhya Pradesh,Indore,Indore_Village_23,22.9496,76.0877,138000,15180,22080,12,Hub_12,55200.0,151800.0,207000.0,82800.0,165600.0
Madhya Pradesh,Indore,Indore_Village_24,22.9596,76.09769999999999,144000,15840,23040,12,Hub_12,57600.0,158400.0,216000.0,86400.0,172800.0
Madhya Pradesh,Indore,Indore_Village_25,22.9696,76.1077,150000,16500,24000,12,Hub_12,60000.0,165000.0,225000.0,90000.0,180000.0
Madhya Pradesh,Indore,Indore_Village_26,22.9796,76.1177,156000,17160,24960,12,Hub_12,62400.0,171600.0,234000.0,93600.0,187200.0
Madhya Pradesh,Indore,Indore_Village_27,22.9896,76.12769999999999,162000,17820,25920,12,Hub_12,64800.0,178200.0,243000.0,97200.0,194400.0
Madhya Pradesh,Indore,Indore_Village_28,22.9996,76.1377,168000,18480,26880,12,Hub_12,67200.0,184800.0,252000.0,100800.0,201600.0
Madhya Pradesh,Indore,Indore_Village_29,23.0096,76.1477,174000,19140,27840,12,Hub_12,69600.0,191400.0,261000.0,104400.0,208800.0
Madhya Pradesh,Indore,Indore_Village_30,23.0196,76.15769999999999,180000,19800,28800,12,Hub_12,72000.0,198000.0,270000.0,108000.0,216000.0
Madhya Pradesh,Indore,Indore_Village_31,23.0296,76.1677,186000,20460,29760,12,Hub_12,74400.0,204600.0,279000.0,111600.0,223200.0
Madhya Pradesh,Indore,Indore_Village_32,23.0396,76.17769999999999,192000,21120,30720,12,Hub_12,76800.0,211200.0,288000.0,115200.0,230400.0
Madhya Pradesh,Indore,Indore_Village_33,23.049599999999998,76.18769999999999,198000,21780,31680,12,Hub_12,79200.0,217800.0,297000.0,118800.0,237600.0
Madhya Pradesh,Indore,Indore_Village_34,23.0596,76.1977,204000,22440,32640,12,Hub_12,81600.0,224400.0,306000.0,122400.0,244800.0
Madhya Pradesh,Indore,Indore_Village_35,23.0696,76.20769999999999,210000,23100,33600,12,Hub_12,84000.0,231000.0,315000.0,126000.0,252000.0
Madhya Pradesh,Indore,Indore_Village_36,23.0796,76.2177,216000,23760,34560,12,Hub_12,86400.0,237600.0,324000.0,129600.0,259200.0
Madhya Pradesh,Indore,Indore_Village_37,23.0896,76.2277,222000,24420,35520,12,Hub_12,88800.0,244200.0,333000.0,133200.0,266400.0
Madhya Pradesh,Indore,Indore_Village_38,23.0996,76.23769999999999,228000,25080,36480,12,Hub_12,91200.0,250800.0,342000.0,136800.0,273600.0
Madhya Pradesh,Indore,Indore_Village_39,23.1096,76.2477,234000,25740,37440,12,Hub_12,93600.0,257400.0,351000.0,140400.0,280800.0
Madhya Pradesh,Indore,Indore_Village_40,23.1196,76.2577,240000,26400,38400,12,Hub_12,96000.0,264000.0,360000.0,144000.0,288000.0
Madhya Pradesh,Indore,Indore_Village_41,23.1296,76.26769999999999,246000,27060,39360,12,Hub_12,98400.0,270600.0,369000.0,147600.0,295200.0
Madhya Pradesh,Indore,Indore_Village_42,23.1396,76.2777,252000,27720,40320,12,Hub_12,100800.0,277200.0,378000.0,151200.0,302400.0
Madhya Pradesh,Indore,Indore_Village_43,23.1496,76.2877,258000,28380,41280,12,Hub_12,103200.0,283800.0,387000.0,154800.0,309600.0
Madhya Pradesh,Indore,Indore_Village_44,23.1596,76.29769999999999,264000,29040,42240,12,Hub_12,105600.0,290400.0,396000.0,158400.0,316800.0
Madhya Pradesh,Indore,Indore_Village_45,23.1696,76.3077,270000,29700,43200,12,Hub_12,108000.0,297000.0,405000.0,162000.0,324000.0
Madhya Pradesh,Indore,Indore_Village_46,23.1796,76.31769999999999,276000,30360,44160,12,Hub_12,110400.0,303600.0,414000.0,165600.0,331200.0
Madhya Pradesh,Indore,Indore_Village_47,23.1896,76.3277,282000,31020,45120,12,Hub_12,112800.0,310200.0,423000.0,169200.0,338400.0
Madhya Pradesh,Indore,Indore_Village_48,23.1996,76.3377,288000,31680,46080,12,Hub_12,115200.0,316800.0,432000.0,172800.0,345600.0
Madhya Pradesh,Indore,Indore_Village_49,23.2096,76.34769999999999,294000,32340,47040,12,Hub_12,117600.0,323400.0,441000.0,176400.0,352800.0
Madhya Pradesh,Indore,Indore_Village_50,23.2196,76.3577,300000,33000,48000,12,Hub_12,120000.0,330000.0,450000.0,180000.0,360000.0
Bihar,Patna,Patna_Village_1,25.604100000000003,85.14760000000001,5000,540,750,13,Hub_13,2000.0,5400.0,7400.0,2960.0,5920.0
Bihar,Patna,Patna_Village_2,25.6141,85.1576,10000,1080,1500,13,Hub_13,4000.0,10800.0,14800.0,5920.0,11840.0
Bihar,Patna,Patna_Village_3,25.624100000000002,85.16760000000001,15000,1620,2250,13,Hub_13,6000.0,16200.0,22200.0,8880.0,17760.0
Bihar,Patna,Patna_Village_4,25.6341,85.17760000000001,20000,2160,3000,13,Hub_13,8000.0,21600.0,29600.0,11840.0,23680.0
Bihar,Patna,Patna_Village_5,25.6441,85.1876,25000,2700,3750,13,Hub_13,10000.0,27000.0,37000.0,14800.0,29600.0
Bihar,Patna,Patna_Village_6,25.6541,85.19760000000001,30000,3240,4500,13,Hub_13,12000.0,32400.0,44400.0,17760.0,35520.0
Bihar,Patna,Patna_Village_7,25.6641,85.2076,35000,3780,5250,13,Hub_13,14000.0,37800.0,51800.0,20720.0,41440.0
Bihar,Patna,Patna_Village_8,25.6741,85.2176,40000,4320,6000,13,Hub_13,16000.0,43200.0,59200.0,23680.0,47360.0
Bihar,Patna,Patna_Village_9,25.6841,85.22760000000001,45000,4860,6750,13,Hub_13,18000.0,48600.0,66600.0,26640.0,53280.0
Bihar,Patna,Patna_Village_10,25.694100000000002,85.2376,50000,5400,7500,13,Hub_13,20000.0,54000.0,74000.0,29600.0,59200.0
Bihar,Patna,Patna_Village_11,25.7041,85.2476,55000,5940,8250,13,Hub_13,22000.0,59400.0,81400.0,32560.0,65120.0
Bihar,Patna,Patna_Village_12,25.714100000000002,85.25760000000001,60000,6480,9000,13,Hub_13,24000.0,64800.0,88800.0,35520.0,71040.0
Bihar,Patna,Patna_Village_13,25.7241,85.2676,65000,7020,9750,13,Hub_13,26000.0,70200.0,96200.0,38480.0,76960.0
Bihar,Patna,Patna_Village_14,25.7341,85.2776,70000,7560,10500,13,Hub_13,28000.0,75600.0,103600.0,41440.0,82880.0
Bihar,Patna,Patna_Village_15,25.7441,85.28760000000001,75000,8100,11250,13,Hub_13,30000.0,81000.0,111000.0,44400.0,88800.0
Bihar,Patna,Patna_Village_16,25.7541,85.2976,80000,8640,12000,13,Hub_13,32000.0,86400.0,118400.0,47360.0,94720.0
Bihar,Patna,Patna_Village_17,25.764100000000003,85.30760000000001,85000,9180,12750,13,Hub_13,34000.0,91800.0,125800.0,50320.0,100640.0
Bihar,Patna,Patna_Village_18,25.7741,85.31760000000001,90000,9720,13500,13,Hub_13,36000.0,97200.0,133200.0,53280.0,106560.0
Bihar,Patna,Patna_Village_19,25.784100000000002,85.3276,95000,10260,14250,13,Hub_13,38000.0,102600.0,140600.0,56240.0,112480.0
Bihar,Patna,Patna_Village_20,25.7941,85.33760000000001,100000,10800,15000,13,Hub_13,40000.0,108000.0,148000.0,59200.0,118400.0
Bihar,Patna,Patna_Village_21,25.804100000000002,85.3476,105000,11340,15750,13,Hub_13,42000.0,113400.0,155400.0,62160.0,124320.0
Bihar,Patna,Patna_Village_22,25.8141,85.3576,110000,11880,16500,13,Hub_13,44000.0,118800.0,162800.0,65120.0,130240.0
Bihar,Patna,Patna_Village_23,25.8241,85.36760000000001,115000,12420,17250,13,Hub_13,46000.0,124200.0,170200.0,68080.0,136160.0
Bihar,Patna,Patna_Village_24,25.8341,85.3776,120000,12960,18000,13,Hub_13,48000.0,129600.0,177600.0,71040.0,142080.0
Bihar,Patna,Patna_Village_25,25.8441,85.3876,125000,13500,18750,13,Hub_13,50000.0,135000.0,185000.0,74000.0,148000.0
Bihar,Patna,Patna_Village_26,25.854100000000003,85.39760000000001,130000,14040,19500,13,Hub_13,52000.0,140400.0,192400.0,76960.0,153920.0
Bihar,Patna,Patna_Village_27,25.8641,85.4076,135000,14580,20250,13,Hub_13,54000.0,145800.0,199800.0,79920.0,159840.0
Bihar,Patna,Patna_Village_28,25.874100000000002,85.41760000000001,140000,15120,21000,13,Hub_13,56000.0,151200.0,207200.0,82880.0,165760.0
Bihar,Patna,Patna_Village_29,25.8841,85.42760000000001,145000,15660,21750,13,Hub_13,58000.0,156600.0,214600.0,85840.0,171680.0
Bihar,Patna,Patna_Village_30,25.8941,85.4376,150000,16200,22500,13,Hub_13,60000.0,162000.0,222000.0,88800.0,177600.0
Bihar,Patna,Patna_Village_31,25.9041,85.44760000000001,155000,16740,23250,13,Hub_13,62000.0,167400.0,229400.0,91760.0,183520.0
Bihar,Patna,Patna_Village_32,25.9141,85.4576,160000,17280,24000,13,Hub_13,64000.0,172800.0,236800.0,94720.0,189440.0
Bihar,Patna,Patna_Village_33,25.9241,85.4676,165000,17820,24750,13,Hub_13,66000.0,178200.0,244200.0,97680.0,195360.0
Bihar,Patna,Patna_Village_34,25.9341,85.47760000000001,170000,18360,25500,13,Hub_13,68000.0,183600.0,251600.0,100640.0,201280.0
Bihar,Patna,Patna_Village_35,25.944100000000002,85.4876,175000,18900,26250,13,Hub_13,70000.0,189000.0,259000.0,103600.0,207200.0
Bihar,Patna,Patna_Village_36,25.9541,85.4976,180000,19440,27000,13,Hub_13,72000.0,194400.0,266400.0,106560.0,213120.0
Bihar,Patna,Patna_Village_37,25.964100000000002,85.50760000000001,185000,19980,27750,13,Hub_13,74000.0,199800.0,273800.0,109520.0,219040.0
Bihar,Patna,Patna_Village_38,25.9741,85.5176,190000,20520,28500,13,Hub_13,76000.0,205200.0,281200.0,112480.0,224960.0
Bihar,Patna,Patna_Village_39,25.9841,85.5276,195000,21060,29250,13,Hub_13,78000.0,210600.0,288600.0,115440.0,230880.0
Bihar,Patna,Patna_Village_40,25.9941,85.53760000000001,200000,21600,30000,13,Hub_13,80000.0,216000.0,296000.0,118400.0,236800.0
Bihar,Patna,Patna_Village_41,26.0041,85.5476,205000,22140,30750,13,Hub_13,82000.0,221400.0,303400.0,121360.0,242720.0
Bihar,Patna,Patna_Village_42,26.014100000000003,85.55760000000001,210000,22680,31500,13,Hub_13,84000.0,226800.0,310800.0,124320.0,248640.0
Bihar,Patna,Patna_Village_43,26.0241,85.56760000000001,215000,23220,32250,13,Hub_13,86000.0,232200.0,318200.0,127280.0,254560.0
Bihar,Patna,Patna_Village_44,26.034100000000002,85.5776,220000,23760,33000,13,Hub_13,88000.0,237600.0,325600.0,130240.0,260480.0
Bihar,Patna,Patna_Village_45,26.0441,85.58760000000001,225000,24300,33750,13,Hub_13,90000.0,243000.0,333000.0,133200.0,266400.0
Bihar,Patna,Patna_Village_46,26.054100000000002,85.5976,230000,24840,34500,13,Hub_13,92000.0,248400.0,340400.0,136160.0,272320.0
Bihar,Patna,Patna_Village_47,26.0641,85.6076,235000,25380,35250,13,Hub_13,94000.0,253800.0,347800.0,139120.0,278240.0
Bihar,Patna,Patna_Village_48,26.0741,85.61760000000001,240000,25920,36000,13,Hub_13,96000.0,259200.0,355200.0,142080.0,284160.0
Bihar,Patna,Patna_Village_49,26.0841,85.6276,245000,26460,36750,13,Hub_13,98000.0,264600.0,362600.0,145040.0,290080.0
Bihar,Patna,Patna_Village_50,26.0941,85.6376,250000,27000,37500,13,Hub_13,100000.0,270000.0,370000.0,148000.0,296000.0
Punjab,Ludhiana,Ludhiana_Village_1,30.91,75.8673,4000,1050,900,14,Hub_14,1600.0,10500.0,12100.0,4840.0,9680.0
Punjab,Ludhiana,Ludhiana_Village_2,30.919999999999998,75.87729999999999,8000,2100,1800,14,Hub_14,3200.0,21000.0,24200.0,9680.0,19360.0
Punjab,Ludhiana,Ludhiana_Village_3,30.93,75.8873,12000,3150,2700,14,Hub_14,4800.0,31500.0,36300.0,14520.0,29040.0
Punjab,Ludhiana,Ludhiana_Village_4,30.939999999999998,75.8973,16000,4200,3600,14,Hub_14,6400.0,42000.0,48400.0,19360.0,38720.0
Punjab,Ludhiana,Ludhiana_Village_5,30.95,75.90729999999999,20000,5250,4500,14,Hub_14,8000.0,52500.0,60500.0,24200.0,48400.0
Punjab,Ludhiana,Ludhiana_Village_6,30.959999999999997,75.9173,24000,6300,5400,14,Hub_14,9600.0,63000.0,72600.0,29040.0,58080.0
Punjab,Ludhiana,Ludhiana_Village_7,30.97,75.92729999999999,28000,7350,6300,14,Hub_14,11200.0,73500.0,84700.0,33880.0,67760.0
Punjab,Ludhiana,Ludhiana_Village_8,30.979999999999997,75.9373,32000,8400,7200,14,Hub_14,12800.0,84000.0,96800.0,38720.0,77440.0
Punjab,Ludhiana,Ludhiana_Village_9,30.99,75.9473,36000,9450,8100,14,Hub_14,14400.0,94500.0,108900.0,43560.0,87120.0
Punjab,Ludhiana,Ludhiana_Village_10,31.0,75.95729999999999,40000,10500,9000,14,Hub_14,16000.0,105000.0,121000.0,48400.0,96800.0
Punjab,Ludhiana,Ludhiana_Village_11,31.009999999999998,75.9673,44000,11550,9900,14,Hub_14,17600.0,115500.0,133100.0,53240.0,106480.0
Punjab,Ludhiana,Ludhiana_Village_12,31.02,75.9773,48000,12600,10800,14,Hub_14,19200.0,126000.0,145200.0,58080.0,116160.0
Punjab,Ludhiana,Ludhiana_Village_13,31.029999999999998,75.98729999999999,52000,13650,11700,14,Hub_14,20800.0,136500.0,157300.0,62920.0,125840.0
Punjab,Ludhiana,Ludhiana_Village_14,31.04,75.9973,56000,14700,12600,14,Hub_14,22400.0,147000.0,169400.0,67760.0,135520.0
Punjab,Ludhiana,Ludhiana_Village_15,31.049999999999997,76.0073,60000,15750,13500,14,Hub_14,24000.0,157500.0,181500.0,72600.0,145200.0
Punjab,Ludhiana,Ludhiana_Village_16,31.06,76.01729999999999,64000,16800,14400,14,Hub_14,25600.0,168000.0,193600.0,77440.0,154880.0
Punjab,Ludhiana,Ludhiana_Village_17,31.07,76.0273,68000,17850,15300,14,Hub_14,27200.0,178500.0,205700.0,82280.0,164560.0
Punjab,Ludhiana,Ludhiana_Village_18,31.08,76.0373,72000,18900,16200,14,Hub_14,28800.0,189000.0,217800.0,87120.0,174240.0
Punjab,Ludhiana,Ludhiana_Village_19,31.09,76.04729999999999,76000,19950,17100,14,Hub_14,30400.0,199500.0,229900.0,91960.0,183920.0
Punjab,Ludhiana,Ludhiana_Village_20,31.099999999999998,76.0573,80000,21000,18000,14,Hub_14,32000.0,210000.0,242000.0,96800.0,193600.0
Punjab,Ludhiana,Ludhiana_Village_21,31.11,76.06729999999999,84000,22050,18900,14,Hub_14,33600.0,220500.0,254100.0,101640.0,203280.0
Punjab,Ludhiana,Ludhiana_Village_22,31.119999999999997,76.0773,88000,23100,19800,14,Hub_14,35200.0,231000.0,266200.0,106480.0,212960.0
Punjab,Ludhiana,Ludhiana_Village_23,31.13,76.0873,92000,24150,20700,14,Hub_14,36800.0,241500.0,278300.0,111320.0,222640.0
Punjab,Ludhiana,Ludhiana_Village_24,31.139999999999997,76.09729999999999,96000,25200,21600,14,Hub_14,38400.0,252000.0,290400.0,116160.0,232320.0
Punjab,Ludhiana,Ludhiana_Village_25,31.15,76.1073,100000,26250,22500,14,Hub_14,40000.0,262500.0,302500.0,121000.0,242000.0
Punjab,Ludhiana,Ludhiana_Village_26,31.16,76.1173,104000,27300,23400,14,Hub_14,41600.0,273000.0,314600.0,125840.0,251680.0
Punjab,Ludhiana,Ludhiana_Village_27,31.169999999999998,76.12729999999999,108000,28350,24300,14,Hub_14,43200.0,283500.0,326700.0,130680.0,261360.0
Punjab,Ludhiana,Ludhiana_Village_28,31.18,76.1373,112000,29400,25200,14,Hub_14,44800.0,294000.0,338800.0,135520.0,271040.0
Punjab,Ludhiana,Ludhiana_Village_29,31.189999999999998,76.1473,116000,30450,26100,14,Hub_14,46400.0,304500.0,350900.0,140360.0,280720.0
Punjab,Ludhiana,Ludhiana_Village_30,31.2,76.15729999999999,120000,31500,27000,14,Hub_14,48000.0,315000.0,363000.0,145200.0,290400.0
Punjab,Ludhiana,Ludhiana_Village_31,31.209999999999997,76.1673,124000,32550,27900,14,Hub_14,49600.0,325500.0,375100.0,150040.0,300080.0
Punjab,Ludhiana,Ludhiana_Village_32,31.22,76.17729999999999,128000,33600,28800,14,Hub_14,51200.0,336000.0,387200.0,154880.0,309760.0
Punjab,Ludhiana,Ludhiana_Village_33,31.229999999999997,76.1873,132000,34650,29700,14,Hub_14,52800.0,346500.0,399300.0,159720.0,319440.0
Punjab,Ludhiana,Ludhiana_Village_34,31.24,76.1973,136000,35700,30600,14,Hub_14,54400.0,357000.0,411400.0,164560.0,329120.0
Punjab,Ludhiana,Ludhiana_Village_35,31.25,76.20729999999999,140000,36750,31500,14,Hub_14,56000.0,367500.0,423500.0,169400.0,338800.0
Punjab,Ludhiana,Ludhiana_Village_36,31.259999999999998,76.2173,144000,37800,32400,14,Hub_14,57600.0,378000.0,435600.0,174240.0,348480.0
Punjab,Ludhiana,Ludhiana_Village_37,31.27,76.2273,148000,38850,33300,14,Hub_14,59200.0,388500.0,447700.0,179080.0,358160.0
Punjab,Ludhiana,Ludhiana_Village_38,31.279999999999998,76.23729999999999,152000,39900,34200,14,Hub_14,60800.0,399000.0,459800.0,183920.0,367840.0
Punjab,Ludhiana,Ludhiana_Village_39,31.29,76.2473,156000,40950,35100,14,Hub_14,62400.0,409500.0,471900.0,188760.0,377520.0
Punjab,Ludhiana,Ludhiana_Village_40,31.299999999999997,76.2573,160000,42000,36000,14,Hub_14,64000.0,420000.0,484000.0,193600.0,387200.0
Punjab,Ludhiana,Ludhiana_Village_41,31.31,76.26729999999999,164000,43050,36900,14,Hub_14,65600.0,430500.0,496100.0,198440.0,396880.0
Punjab,Ludhiana,Ludhiana_Village_42,31.32,76.2773,168000,44100,37800,14,Hub_14,67200.0,441000.0,508200.0,203280.0,406560.0
Punjab,Ludhiana,Ludhiana_Village_43,31.33,76.2873,172000,45150,38700,14,Hub_14,68800.0,451500.0,520300.0,208120.0,416240.0
Punjab,Ludhiana,Ludhiana_Village_44,31.34,76.29729999999999,176000,46200,39600,14,Hub_14,70400.0,462000.0,532400.0,212960.0,425920.0
Punjab,Ludhiana,Ludhiana_Village_45,31.349999999999998,76.3073,180000,47250,40500,14,Hub_14,72000.0,472500.0,544500.0,217800.0,435600.0
Punjab,Ludhiana,Ludhiana_Village_46,31.36,76.31729999999999,184000,48300,41400,14,Hub_14,73600.0,483000.0,556600.0,222640.0,445280.0
Punjab,Ludhiana,Ludhiana_Village_47,31.369999999999997,76.3273,188000,49350,42300,14,Hub_14,75200.0,493500.0,568700.0,227480.0,454960.0
Punjab,Ludhiana,Ludhiana_Village_48,31.38,76.3373,192000,50400,43200,14,Hub_14,76800.0,504000.0,580800.0,232320.0,464640.0
Punjab,Ludhiana,Ludhiana_Village_49,31.389999999999997,76.34729999999999,196000,51450,44100,14,Hub_14,78400.0,514500.0,592900.0,237160.0,474320.0
Punjab,Ludhiana,Ludhiana_Village_50,31.4,76.3573,200000,52500,45000,14,Hub_14,80000.0,525000.0,605000.0,242000.0,484000.0
Haryana,Gurugram,Gurugram_Village_1,28.4695,77.0366,3600,270,600,15,Hub_15,1440.0,2700.0,4140.0,1656.0,3312.0
Haryana,Gurugram,Gurugram_Village_2,28.479499999999998,77.0466,7200,540,1200,15,Hub_15,2880.0,5400.0,8280.0,3312.0,6624.0
Haryana,Gurugram,Gurugram_Village_3,28.4895,77.0566,10800,810,1800,15,Hub_15,4320.0,8100.0,12420.0,4968.0,9936.0
Haryana,Gurugram,Gurugram_Village_4,28.499499999999998,77.06660000000001,14400,1080,2400,15,Hub_15,5760.0,10800.0,16560.0,6624.0,13248.0
Haryana,Gurugram,Gurugram_Village_5,28.5095,77.0766,18000,1350,3000,15,Hub_15,7200.0,13500.0,20700.0,8280.0,16560.0
Haryana,Gurugram,Gurugram_Village_6,28.519499999999997,77.0866,21600,1620,3600,15,Hub_15,8640.0,16200.0,24840.0,9936.0,19872.0
Haryana,Gurugram,Gurugram_Village_7,28.5295,77.0966,25200,1890,4200,15,Hub_15,10080.0,18900.0,28980.0,11592.0,23184.0
Haryana,Gurugram,Gurugram_Village_8,28.539499999999997,77.1066,28800,2160,4800,15,Hub_15,11520.0,21600.0,33120.0,13248.0,26496.0
Haryana,Gurugram,Gurugram_Village_9,28.5495,77.1166,32400,2430,5400,15,Hub_15,12960.0,24300.0,37260.0,14904.0,29808.0
Haryana,Gurugram,Gurugram_Village_10,28.5595,77.1266,36000,2700,6000,15,Hub_15,14400.0,27000.0,41400.0,16560.0,33120.0
Haryana,Gurugram,Gurugram_Village_11,28.569499999999998,77.1366,39600,2970,6600,15,Hub_15,15840.0,29700.0,45540.0,18216.0,36432.0
Haryana,Gurugram,Gurugram_Village_12,28.5795,77.1466,43200,3240,7200,15,Hub_15,17280.0,32400.0,49680.0,19872.0,39744.0
Haryana,Gurugram,Gurugram_Village_13,28.589499999999997,77.1566,46800,3510,7800,15,Hub_15,18720.0,35100.0,53820.0,21528.0,43056.0
Haryana,Gurugram,Gurugram_Village_14,28.5995,77.1666,50400,3780,8400,15,Hub_15,20160.0,37800.0,57960.0,23184.0,46368.0
Haryana,Gurugram,Gurugram_Village_15,28.609499999999997,77.17660000000001,54000,4050,9000,15,Hub_15,21600.0,40500.0,62100.0,24840.0,49680.0
Haryana,Gurugram,Gurugram_Village_16,28.6195,77.1866,57600,4320,9600,15,Hub_15,23040.0,43200.0,66240.0,26496.0,52992.0
Haryana,Gurugram,Gurugram_Village_17,28.6295,77.1966,61200,4590,10200,15,Hub_15,24480.0,45900.0,70380.0,28152.0,56304.0
Haryana,Gurugram,Gurugram_Village_18,28.639499999999998,77.20660000000001,64800,4860,10800,15,Hub_15,25920.0,48600.0,74520.0,29808.0,59616.0
Haryana,Gurugram,Gurugram_Village_19,28.6495,77.2166,68400,5130,11400,15,Hub_15,27360.0,51300.0,78660.0,31464.0,62928.0
Haryana,Gurugram,Gurugram_Village_20,28.659499999999998,77.2266,72000,5400,12000,15,Hub_15,28800.0,54000.0,82800.0,33120.0,66240.0
Haryana,Gurugram,Gurugram_Village_21,28.6695,77.2366,75600,5670,12600,15,Hub_15,30240.0,56700.0,86940.0,34776.0,69552.0
Haryana,Gurugram,Gurugram_Village_22,28.679499999999997,77.2466,79200,5940,13200,15,Hub_15,31680.0,59400.0,91080.0,36432.0,72864.0
Haryana,Gurugram,Gurugram_Village_23,28.6895,77.2566,82800,6210,13800,15,Hub_15,33120.0,62100.0,95220.0,38088.0,76176.0
Haryana,Gurugram,Gurugram_Village_24,28.699499999999997,77.2666,86400,6480,14400,15,Hub_15,34560.0,64800.0,99360.0,39744.0,79488.0
Haryana,Gurugram,Gurugram_Village_25,28.7095,77.2766,90000,6750,15000,15,Hub_15,36000.0,67500.0,103500.0,41400.0,82800.0
Haryana,Gurugram,Gurugram_Village_26,28.7195,77.2866,93600,7020,15600,15,Hub_15,37440.0,70200.0,107640.0,43056.0,86112.0
Haryana,Gurugram,Gurugram_Village_27,28.729499999999998,77.2966,97200,7290,16200,15,Hub_15,38880.0,72900.0,111780.0,44712.0,89424.0
Haryana,Gurugram,Gurugram_Village_28,28.7395,77.3066,100800,7560,16800,15,Hub_15,40320.0,75600.0,115920.0,46368.0,92736.0
Haryana,Gurugram,Gurugram_Village_29,28.749499999999998,77.31660000000001,104400,7830,17400,15,Hub_15,41760.0,78300.0,120060.0,48024.0,96048.0
Haryana,Gurugram,Gurugram_Village_30,28.7595,77.3266,108000,8100,18000,15,Hub_15,43200.0,81000.0,124200.0,49680.0,99360.0
Haryana,Gurugram,Gurugram_Village_31,28.769499999999997,77.3366,111600,8370,18600,15,Hub_15,44640.0,83700.0,128340.0,51336.0,102672.0
Haryana,Gurugram,Gurugram_Village_32,28.7795,77.3466,115200,8640,19200,15,Hub_15,46080.0,86400.0,132480.0,52992.0,105984.0
Haryana,Gurugram,Gurugram_Village_33,28.789499999999997,77.3566,118800,8910,19800,15,Hub_15,47520.0,89100.0,136620.0,54648.0,109296.0
Haryana,Gurugram,Gurugram_Village_34,28.7995,77.3666,122400,9180,20400,15,Hub_15,48960.0,91800.0,140760.0,56304.0,112608.0
Haryana,Gurugram,Gurugram_Village_35,28.8095,77.3766,126000,9450,21000,15,Hub_15,50400.0,94500.0,144900.0,57960.0,115920.0
Haryana,Gurugram,Gurugram_Village_36,28.819499999999998,77.3866,129600,9720,21600,15,Hub_15,51840.0,97200.0,149040.0,59616.0,119232.0
Haryana,Gurugram,Gurugram_Village_37,28.8295,77.3966,133200,9990,22200,15,Hub_15,53280.0,99900.0,153180.0,61272.0,122544.0
Haryana,Gurugram,Gurugram_Village_38,28.839499999999997,77.4066,136800,10260,22800,15,Hub_15,54720.0,102600.0,157320.0,62928.0,125856.0
Haryana,Gurugram,Gurugram_Village_39,28.8495,77.4166,140400,10530,23400,15,Hub_15,56160.0,105300.0,161460.0,64584.0,129168.0
Haryana,Gurugram,Gurugram_Village_40,28.859499999999997,77.42660000000001,144000,10800,24000,15,Hub_15,57600.0,108000.0,165600.0,66240.0,132480.0
Haryana,Gurugram,Gurugram_Village_41,28.8695,77.4366,147600,11070,24600,15,Hub_15,59040.0,110700.0,169740.0,67896.0,135792.0
Haryana,Gurugram,Gurugram_Village_42,28.8795,77.4466,151200,11340,25200,15,Hub_15,60480.0,113400.0,173880.0,69552.0,139104.0
Haryana,Gurugram,Gurugram_Village_43,28.889499999999998,77.45660000000001,154800,11610,25800,15,Hub_15,61920.0,116100.0,178020.0,71208.0,142416.0
Haryana,Gurugram,Gurugram_Village_44,28.8995,77.4666,158400,11880,26400,15,Hub_15,63360.0,118800.0,182160.0,72864.0,145728.0
Haryana,Gurugram,Gurugram_Village_45,28.909499999999998,77.4766,162000,12150,27000,15,Hub_15,64800.0,121500.0,186300.0,74520.0,149040.0
Haryana,Gurugram,Gurugram_Village_46,28.9195,77.4866,165600,12420,27600,15,Hub_15,66240.0,124200.0,190440.0,76176.0,152352.0
Haryana,Gurugram,Gurugram_Village_47,28.929499999999997,77.4966,169200,12690,28200,15,Hub_15,67680.0,126900.0,194580.0,77832.0,155664.0
Haryana,Gurugram,Gurugram_Village_48,28.9395,77.5066,172800,12960,28800,15,Hub_15,69120.0,129600.0,198720.0,79488.0,158976.0
Haryana,Gurugram,Gurugram_Village_49,28.949499999999997,77.5166,176400,13230,29400,15,Hub_15,70560.0,132300.0,202860.0,81144.0,162288.0
Haryana,Gurugram,Gurugram_Village_50,28.9595,77.5266,180000,13500,30000,15,Hub_15,72000.0,135000.0,207000.0,82800.0,165600.0
Odisha,Bhubaneswar,Bhubaneswar_Village_1,20.3061,85.8345,2400,300,450,16,Hub_16,960.0,3000.0,3960.0,1584.0,3168.0
Odisha,Bhubaneswar,Bhubaneswar_Village_2,20.3161,85.8445,4800,600,900,16,Hub_16,1920.0,6000.0,7920.0,3168.0,6336.0
Odisha,Bhubaneswar,Bhubaneswar_Village_3,20.3261,85.8545,7200,900,1350,16,Hub_16,2880.0,9000.0,11880.0,4752.0,9504.0
Odisha,Bhubaneswar,Bhubaneswar_Village_4,20.3361,85.8645,9600,1200,1800,16,Hub_16,3840.0,12000.0,15840.0,6336.0,12672.0
Odisha,Bhubaneswar,Bhubaneswar_Village_5,20.3461,85.8745,12000,1500,2250,16,Hub_16,4800.0,15000.0,19800.0,7920.0,15840.0
Odisha,Bhubaneswar,Bhubaneswar_Village_6,20.356099999999998,85.8845,14400,1800,2700,16,Hub_16,5760.0,18000.0,23760.0,9504.0,19008.0
Odisha,Bhubaneswar,Bhubaneswar_Village_7,20.3661,85.8945,16800,2100,3150,16,Hub_16,6720.0,21000.0,27720.0,11088.0,22176.0
Odisha,Bhubaneswar,Bhubaneswar_Village_8,20.376099999999997,85.9045,19200,2400,3600,16,Hub_16,7680.0,24000.0,31680.0,12672.0,25344.0
Odisha,Bhubaneswar,Bhubaneswar_Village_9,20.3861,85.9145,21600,2700,4050,16,Hub_16,8640.0,27000.0,35640.0,14256.0,28512.0
Odisha,Bhubaneswar,Bhubaneswar_Village_10,20.3961,85.9245,24000,3000,4500,16,Hub_16,9600.0,30000.0,39600.0,15840.0,31680.0
Odisha,Bhubaneswar,Bhubaneswar_Village_11,20.4061,85.9345,26400,3300,4950,16,Hub_16,10560.0,33000.0,43560.0,17424.0,34848.0
Odisha,Bhubaneswar,Bhubaneswar_Village_12,20.4161,85.9445,28800,3600,5400,16,Hub_16,11520.0,36000.0,47520.0,19008.0,38016.0
Odisha,Bhubaneswar,Bhubaneswar_Village_13,20.426099999999998,85.9545,31200,3900,5850,16,Hub_16,12480.0,39000.0,51480.0,20592.0,41184.0
Odisha,Bhubaneswar,Bhubaneswar_Village_14,20.4361,85.9645,33600,4200,6300,16,Hub_16,13440.0,42000.0,55440.0,22176.0,44352.0
Odisha,Bhubaneswar,Bhubaneswar_Village_15,20.446099999999998,85.9745,36000,4500,6750,16,Hub_16,14400.0,45000.0,59400.0,23760.0,47520.0
Odisha,Bhubaneswar,Bhubaneswar_Village_16,20.4561,85.9845,38400,4800,7200,16,Hub_16,15360.0,48000.0,63360.0,25344.0,50688.0
Odisha,Bhubaneswar,Bhubaneswar_Village_17,20.4661,85.9945,40800,5100,7650,16,Hub_16,16320.0,51000.0,67320.0,26928.0,53856.0
Odisha,Bhubaneswar,Bhubaneswar_Village_18,20.4761,86.00450000000001,43200,5400,8100,16,Hub_16,17280.0,54000.0,71280.0,28512.0,57024.0
Odisha,Bhubaneswar,Bhubaneswar_Village_19,20.4861,86.0145,45600,5700,8550,16,Hub_16,18240.0,57000.0,75240.0,30096.0,60192.0
Odisha,Bhubaneswar,Bhubaneswar_Village_20,20.4961,86.0245,48000,6000,9000,16,Hub_16,19200.0,60000.0,79200.0,31680.0,63360.0
Odisha,Bhubaneswar,Bhubaneswar_Village_21,20.5061,86.0345,50400,6300,9450,16,Hub_16,20160.0,63000.0,83160.0,33264.0,66528.0
Odisha,Bhubaneswar,Bhubaneswar_Village_22,20.516099999999998,86.0445,52800,6600,9900,16,Hub_16,21120.0,66000.0,87120.0,34848.0,69696.0
Odisha,Bhubaneswar,Bhubaneswar_Village_23,20.5261,86.0545,55200,6900,10350,16,Hub_16,22080.0,69000.0,91080.0,36432.0,72864.0
Odisha,Bhubaneswar,Bhubaneswar_Village_24,20.536099999999998,86.0645,57600,7200,10800,16,Hub_16,23040.0,72000.0,95040.0,38016.0,76032.0
Odisha,Bhubaneswar,Bhubaneswar_Village_25,20.5461,86.0745,60000,7500,11250,16,Hub_16,24000.0,75000.0,99000.0,39600.0,79200.0
Odisha,Bhubaneswar,Bhubaneswar_Village_26,20.5561,86.0845,62400,7800,11700,16,Hub_16,24960.0,78000.0,102960.0,41184.0,82368.0
Odisha,Bhubaneswar,Bhubaneswar_Village_27,20.5661,86.0945,64800,8100,12150,16,Hub_16,25920.0,81000.0,106920.0,42768.0,85536.0
Odisha,Bhubaneswar,Bhubaneswar_Village_28,20.5761,86.1045,67200,8400,12600,16,Hub_16,26880.0,84000.0,110880.0,44352.0,88704.0
Odisha,Bhubaneswar,Bhubaneswar_Village_29,20.5861,86.1145,69600,8700,13050,16,Hub_16,27840.0,87000.0,114840.0,45936.0,91872.0
Odisha,Bhubaneswar,Bhubaneswar_Village_30,20.5961,86.1245,72000,9000,13500,16,Hub_16,28800.0,90000.0,118800.0,47520.0,95040.0
Odisha,Bhubaneswar,Bhubaneswar_Village_31,20.606099999999998,86.1345,74400,9300,13950,16,Hub_16,29760.0,93000.0,122760.0,49104.0,98208.0
Odisha,Bhubaneswar,Bhubaneswar_Village_32,20.6161,86.1445,76800,9600,14400,16,Hub_16,30720.0,96000.0,126720.0,50688.0,101376.0
Odisha,Bhubaneswar,Bhubaneswar_Village_33,20.626099999999997,86.1545,79200,9900,14850,16,Hub_16,31680.0,99000.0,130680.0,52272.0,104544.0
Odisha,Bhubaneswar,Bhubaneswar_Village_34,20.6361,86.1645,81600,10200,15300,16,Hub_16,32640.0,102000.0,134640.0,53856.0,107712.0
Odisha,Bhubaneswar,Bhubaneswar_Village_35,20.6461,86.1745,84000,10500,15750,16,Hub_16,33600.0,105000.0,138600.0,55440.0,110880.0
Odisha,Bhubaneswar,Bhubaneswar_Village_36,20.6561,86.1845,86400,10800,16200,16,Hub_16,34560.0,108000.0,142560.0,57024.0,114048.0
Odisha,Bhubaneswar,Bhubaneswar_Village_37,20.6661,86.1945,88800,11100,16650,16,Hub_16,35520.0,111000.0,146520.0,58608.0,117216.0
Odisha,Bhubaneswar,Bhubaneswar_Village_38,20.676099999999998,86.2045,91200,11400,17100,16,Hub_16,36480.0,114000.0,150480.0,60192.0,120384.0
Odisha,Bhubaneswar,Bhubaneswar_Village_39,20.6861,86.2145,93600,11700,17550,16,Hub_16,37440.0,117000.0,154440.0,61776.0,123552.0
Odisha,Bhubaneswar,Bhubaneswar_Village_40,20.696099999999998,86.2245,96000,12000,18000,16,Hub_16,38400.0,120000.0,158400.0,63360.0,126720.0
Odisha,Bhubaneswar,Bhubaneswar_Village_41,20.7061,86.2345,98400,12300,18450,16,Hub_16,39360.0,123000.0,162360.0,64944.0,129888.0
Odisha,Bhubaneswar,Bhubaneswar_Village_42,20.7161,86.2445,100800,12600,18900,16,Hub_16,40320.0,126000.0,166320.0,66528.0,133056.0
Odisha,Bhubaneswar,Bhubaneswar_Village_43,20.7261,86.25450000000001,103200,12900,19350,16,Hub_16,41280.0,129000.0,170280.0,68112.0,136224.0
Odisha,Bhubaneswar,Bhubaneswar_Village_44,20.7361,86.2645,105600,13200,19800,16,Hub_16,42240.0,132000.0,174240.0,69696.0,139392.0
Odisha,Bhubaneswar,Bhubaneswar_Village_45,20.7461,86.2745,108000,13500,20250,16,Hub_16,43200.0,135000.0,178200.0,71280.0,142560.0
Odisha,Bhubaneswar,Bhubaneswar_Village_46,20.7561,86.2845,110400,13800,20700,16,Hub_16,44160.0,138000.0,182160.0,72864.0,145728.0
Odisha,Bhubaneswar,Bhubaneswar_Village_47,20.766099999999998,86.2945,112800,14100,21150,16,Hub_16,45120.0,141000.0,186120.0,74448.0,148896.0
Odisha,Bhubaneswar,Bhubaneswar_Village_48,20.7761,86.3045,115200,14400,21600,16,Hub_16,46080.0,144000.0,190080.0,76032.0,152064.0
Odisha,Bhubaneswar,Bhubaneswar_Village_49,20.786099999999998,86.3145,117600,14700,22050,16,Hub_16,47040.0,147000.0,194040.0,77616.0,155232.0
Odisha,Bhubaneswar,Bhubaneswar_Village_50,20.7961,86.3245,120000,15000,22500,16,Hub_16,48000.0,150000.0,198000.0,79200.0,158400.0
Kerala,Kochi,Kochi_Village_1,9.9412,76.27730000000001,4200,240,540,17,Hub_17,1680.0,2400.0,4080.0,1632.0,3264.0
Kerala,Kochi,Kochi_Village_2,9.9512,76.2873,8400,480,1080,17,Hub_17,3360.0,4800.0,8160.0,3264.0,6528.0
Kerala,Kochi,Kochi_Village_3,9.9612,76.2973,12600,720,1620,17,Hub_17,5040.0,7200.0,12240.0,4896.0,9792.0
Kerala,Kochi,Kochi_Village_4,9.9712,76.30730000000001,16800,960,2160,17,Hub_17,6720.0,9600.0,16320.0,6528.0,13056.0
Kerala,Kochi,Kochi_Village_5,9.981200000000001,76.3173,21000,1200,2700,17,Hub_17,8400.0,12000.0,20400.0,8160.0,16320.0
Kerala,Kochi,Kochi_Village_6,9.991200000000001,76.32730000000001,25200,1440,3240,17,Hub_17,10080.0,14400.0,24480.0,9792.0,19584.0
Kerala,Kochi,Kochi_Village_7,10.0012,76.3373,29400,1680,3780,17,Hub_17,11760.0,16800.0,28560.0,11424.0,22848.0
Kerala,Kochi,Kochi_Village_8,10.0112,76.3473,33600,1920,4320,17,Hub_17,13440.0,19200.0,32640.0,13056.0,26112.0
Kerala,Kochi,Kochi_Village_9,10.0212,76.35730000000001,37800,2160,4860,17,Hub_17,15120.0,21600.0,36720.0,14688.0,29376.0
Kerala,Kochi,Kochi_Village_10,10.0312,76.3673,42000,2400,5400,17,Hub_17,16800.0,24000.0,40800.0,16320.0,32640.0
Kerala,Kochi,Kochi_Village_11,10.0412,76.3773,46200,2640,5940,17,Hub_17,18480.0,26400.0,44880.0,17952.0,35904.0
Kerala,Kochi,Kochi_Village_12,10.0512,76.38730000000001,50400,2880,6480,17,Hub_17,20160.0,28800.0,48960.0,19584.0,39168.0
Kerala,Kochi,Kochi_Village_13,10.061200000000001,76.3973,54600,3120,7020,17,Hub_17,21840.0,31200.0,53040.0,21216.0,42432.0
Kerala,Kochi,Kochi_Village_14,10.071200000000001,76.4073,58800,3360,7560,17,Hub_17,23520.0,33600.0,57120.0,22848.0,45696.0
Kerala,Kochi,Kochi_Village_15,10.0812,76.41730000000001,63000,3600,8100,17,Hub_17,25200.0,36000.0,61200.0,24480.0,48960.0
Kerala,Kochi,Kochi_Village_16,10.0912,76.4273,67200,3840,8640,17,Hub_17,26880.0,38400.0,65280.0,26112.0,52224.0
Kerala,Kochi,Kochi_Village_17,10.1012,76.43730000000001,71400,4080,9180,17,Hub_17,28560.0,40800.0,69360.0,27744.0,55488.0
Kerala,Kochi,Kochi_Village_18,10.1112,76.44730000000001,75600,4320,9720,17,Hub_17,30240.0,43200.0,73440.0,29376.0,58752.0
Kerala,Kochi,Kochi_Village_19,10.1212,76.4573,79800,4560,10260,17,Hub_17,31920.0,45600.0,77520.0,31008.0,62016.0
Kerala,Kochi,Kochi_Village_20,10.1312,76.46730000000001,84000,4800,10800,17,Hub_17,33600.0,48000.0,81600.0,32640.0,65280.0
Kerala,Kochi,Kochi_Village_21,10.141200000000001,76.4773,88200,5040,11340,17,Hub_17,35280.0,50400.0,85680.0,34272.0,68544.0
Kerala,Kochi,Kochi_Village_22,10.151200000000001,76.4873,92400,5280,11880,17,Hub_17,36960.0,52800.0,89760.0,35904.0,71808.0
Kerala,Kochi,Kochi_Village_23,10.161200000000001,76.49730000000001,96600,5520,12420,17,Hub_17,38640.0,55200.0,93840.0,37536.0,75072.0
Kerala,Kochi,Kochi_Village_24,10.1712,76.5073,100800,5760,12960,17,Hub_17,40320.0,57600.0,97920.0,39168.0,78336.0
Kerala,Kochi,Kochi_Village_25,10.1812,76.5173,105000,6000,13500,17,Hub_17,42000.0,60000.0,102000.0,40800.0,81600.0
Kerala,Kochi,Kochi_Village_26,10.1912,76.52730000000001,109200,6240,14040,17,Hub_17,43680.0,62400.0,106080.0,42432.0,84864.0
Kerala,Kochi,Kochi_Village_27,10.2012,76.5373,113400,6480,14580,17,Hub_17,45360.0,64800.0,110160.0,44064.0,88128.0
Kerala,Kochi,Kochi_Village_28,10.2112,76.5473,117600,6720,15120,17,Hub_17,47040.0,67200.0,114240.0,45696.0,91392.0
Kerala,Kochi,Kochi_Village_29,10.2212,76.55730000000001,121800,6960,15660,17,Hub_17,48720.0,69600.0,118320.0,47328.0,94656.0
Kerala,Kochi,Kochi_Village_30,10.231200000000001,76.5673,126000,7200,16200,17,Hub_17,50400.0,72000.0,122400.0,48960.0,97920.0
Kerala,Kochi,Kochi_Village_31,10.241200000000001,76.57730000000001,130200,7440,16740,17,Hub_17,52080.0,74400.0,126480.0,50592.0,101184.0
Kerala,Kochi,Kochi_Village_32,10.2512,76.5873,134400,7680,17280,17,Hub_17,53760.0,76800.0,130560.0,52224.0,104448.0
Kerala,Kochi,Kochi_Village_33,10.2612,76.5973,138600,7920,17820,17,Hub_17,55440.0,79200.0,134640.0,53856.0,107712.0
Kerala,Kochi,Kochi_Village_34,10.2712,76.60730000000001,142800,8160,18360,17,Hub_17,57120.0,81600.0,138720.0,55488.0,110976.0
Kerala,Kochi,Kochi_Village_35,10.2812,76.6173,147000,8400,18900,17,Hub_17,58800.0,84000.0,142800.0,57120.0,114240.0
Kerala,Kochi,Kochi_Village_36,10.2912,76.6273,151200,8640,19440,17,Hub_17,60480.0,86400.0,146880.0,58752.0,117504.0
Kerala,Kochi,Kochi_Village_37,10.3012,76.63730000000001,155400,8880,19980,17,Hub_17,62160.0,88800.0,150960.0,60384.0,120768.0
Kerala,Kochi,Kochi_Village_38,10.311200000000001,76.6473,159600,9120,20520,17,Hub_17,63840.0,91200.0,155040.0,62016.0,124032.0
Kerala,Kochi,Kochi_Village_39,10.321200000000001,76.6573,163800,9360,21060,17,Hub_17,65520.0,93600.0,159120.0,63648.0,127296.0
Kerala,Kochi,Kochi_Village_40,10.3312,76.66730000000001,168000,9600,21600,17,Hub_17,67200.0,96000.0,163200.0,65280.0,130560.0
Kerala,Kochi,Kochi_Village_41,10.3412,76.6773,172200,9840,22140,17,Hub_17,68880.0,98400.0,167280.0,66912.0,133824.0
Kerala,Kochi,Kochi_Village_42,10.3512,76.68730000000001,176400,10080,22680,17,Hub_17,70560.0,100800.0,171360.0,68544.0,137088.0
Kerala,Kochi,Kochi_Village_43,10.3612,76.69730000000001,180600,10320,23220,17,Hub_17,72240.0,103200.0,175440.0,70176.0,140352.0
Kerala,Kochi,Kochi_Village_44,10.3712,76.7073,184800,10560,23760,17,Hub_17,73920.0,105600.0,179520.0,71808.0,143616.0
Kerala,Kochi,Kochi_Village_45,10.3812,76.71730000000001,189000,10800,24300,17,Hub_17,75600.0,108000.0,183600.0,73440.0,146880.0
Kerala,Kochi,Kochi_Village_46,10.391200000000001,76.7273,193200,11040,24840,17,Hub_17,77280.0,110400.0,187680.0,75072.0,150144.0
Kerala,Kochi,Kochi_Village_47,10.401200000000001,76.7373,197400,11280,25380,17,Hub_17,78960.0,112800.0,191760.0,76704.0,153408.0
Kerala,Kochi,Kochi_Village_48,10.411200000000001,76.74730000000001,201600,11520,25920,17,Hub_17,80640.0,115200.0,195840.0,78336.0,156672.0
Kerala,Kochi,Kochi_Village_49,10.4212,76.7573,205800,11760,26460,17,Hub_17,82320.0,117600.0,199920.0,79968.0,159936.0
Kerala,Kochi,Kochi_Village_50,10.4312,76.7673,210000,12000,27000,17,Hub_17,84000.0,120000.0,204000.0,81600.0,163200.0
Assam,Guwahati,Guwahati_Village_1,26.154500000000002,91.7462,2200,270,450,18,Hub_18,880.0,2700.0,3580.0,1432.0,2864.0
Assam,Guwahati,Guwahati_Village_2,26.1645,91.75619999999999,4400,540,900,18,Hub_18,1760.0,5400.0,7160.0,2864.0,5728.0
Assam,Guwahati,Guwahati_Village_3,26.174500000000002,91.7662,6600,810,1350,18,Hub_18,2640.0,8100.0,10740.0,4296.0,8592.0
Assam,Guwahati,Guwahati_Village_4,26.1845,91.7762,8800,1080,1800,18,Hub_18,3520.0,10800.0,14320.0,5728.0,11456.0
Assam,Guwahati,Guwahati_Village_5,26.1945,91.7862,11000,1350,2250,18,Hub_18,4400.0,13500.0,17900.0,7160.0,14320.0
Assam,Guwahati,Guwahati_Village_6,26.2045,91.7962,13200,1620,2700,18,Hub_18,5280.0,16200.0,21480.0,8592.0,17184.0
Assam,Guwahati,Guwahati_Village_7,26.2145,91.80619999999999,15400,1890,3150,18,Hub_18,6160.0,18900.0,25060.0,10024.0,20048.0
Assam,Guwahati,Guwahati_Village_8,26.2245,91.8162,17600,2160,3600,18,Hub_18,7040.0,21600.0,28640.0,11456.0,22912.0
Assam,Guwahati,Guwahati_Village_9,26.2345,91.8262,19800,2430,4050,18,Hub_18,7920.0,24300.0,32220.0,12888.0,25776.0
Assam,Guwahati,Guwahati_Village_10,26.244500000000002,91.83619999999999,22000,2700,4500,18,Hub_18,8800.0,27000.0,35800.0,14320.0,28640.0
Assam,Guwahati,Guwahati_Village_11,26.2545,91.8462,24200,2970,4950,18,Hub_18,9680.0,29700.0,39380.0,15752.0,31504.0
Assam,Guwahati,Guwahati_Village_12,26.2645,91.8562,26400,3240,5400,18,Hub_18,10560.0,32400.0,42960.0,17184.0,34368.0
Assam,Guwahati,Guwahati_Village_13,26.2745,91.86619999999999,28600,3510,5850,18,Hub_18,11440.0,35100.0,46540.0,18616.0,37232.0
Assam,Guwahati,Guwahati_Village_14,26.2845,91.8762,30800,3780,6300,18,Hub_18,12320.0,37800.0,50120.0,20048.0,40096.0
Assam,Guwahati,Guwahati_Village_15,26.2945,91.8862,33000,4050,6750,18,Hub_18,13200.0,40500.0,53700.0,21480.0,42960.0
Assam,Guwahati,Guwahati_Village_16,26.3045,91.8962,35200,4320,7200,18,Hub_18,14080.0,43200.0,57280.0,22912.0,45824.0
Assam,Guwahati,Guwahati_Village_17,26.314500000000002,91.9062,37400,4590,7650,18,Hub_18,14960.0,45900.0,60860.0,24344.0,48688.0
Assam,Guwahati,Guwahati_Village_18,26.3245,91.9162,39600,4860,8100,18,Hub_18,15840.0,48600.0,64440.0,25776.0,51552.0
Assam,Guwahati,Guwahati_Village_19,26.334500000000002,91.9262,41800,5130,8550,18,Hub_18,16720.0,51300.0,68020.0,27208.0,54416.0
Assam,Guwahati,Guwahati_Village_20,26.3445,91.9362,44000,5400,9000,18,Hub_18,17600.0,54000.0,71600.0,28640.0,57280.0
Assam,Guwahati,Guwahati_Village_21,26.3545,91.94619999999999,46200,5670,9450,18,Hub_18,18480.0,56700.0,75180.0,30072.0,60144.0
Assam,Guwahati,Guwahati_Village_22,26.3645,91.9562,48400,5940,9900,18,Hub_18,19360.0,59400.0,78760.0,31504.0,63008.0
Assam,Guwahati,Guwahati_Village_23,26.3745,91.9662,50600,6210,10350,18,Hub_18,20240.0,62100.0,82340.0,32936.0,65872.0
Assam,Guwahati,Guwahati_Village_24,26.3845,91.97619999999999,52800,6480,10800,18,Hub_18,21120.0,64800.0,85920.0,34368.0,68736.0
Assam,Guwahati,Guwahati_Village_25,26.3945,91.9862,55000,6750,11250,18,Hub_18,22000.0,67500.0,89500.0,35800.0,71600.0
Assam,Guwahati,Guwahati_Village_26,26.404500000000002,91.9962,57200,7020,11700,18,Hub_18,22880.0,70200.0,93080.0,37232.0,74464.0
Assam,Guwahati,Guwahati_Village_27,26.4145,92.00619999999999,59400,7290,12150,18,Hub_18,23760.0,72900.0,96660.0,38664.0,77328.0
Assam,Guwahati,Guwahati_Village_28,26.424500000000002,92.0162,61600,7560,12600,18,Hub_18,24640.0,75600.0,100240.0,40096.0,80192.0
Assam,Guwahati,Guwahati_Village_29,26.4345,92.0262,63800,7830,13050,18,Hub_18,25520.0,78300.0,103820.0,41528.0,83056.0
Assam,Guwahati,Guwahati_Village_30,26.4445,92.0362,66000,8100,13500,18,Hub_18,26400.0,81000.0,107400.0,42960.0,85920.0
Assam,Guwahati,Guwahati_Village_31,26.4545,92.0462,68200,8370,13950,18,Hub_18,27280.0,83700.0,110980.0,44392.0,88784.0
Assam,Guwahati,Guwahati_Village_32,26.4645,92.05619999999999,70400,8640,14400,18,Hub_18,28160.0,86400.0,114560.0,45824.0,91648.0
Assam,Guwahati,Guwahati_Village_33,26.4745,92.0662,72600,8910,14850,18,Hub_18,29040.0,89100.0,118140.0,47256.0,94512.0
Assam,Guwahati,Guwahati_Village_34,26.4845,92.0762,74800,9180,15300,18,Hub_18,29920.0,91800.0,121720.0,48688.0,97376.0
Assam,Guwahati,Guwahati_Village_35,26.494500000000002,92.08619999999999,77000,9450,15750,18,Hub_18,30800.0,94500.0,125300.0,50120.0,100240.0
Assam,Guwahati,Guwahati_Village_36,26.5045,92.0962,79200,9720,16200,18,Hub_18,31680.0,97200.0,128880.0,51552.0,103104.0
Assam,Guwahati,Guwahati_Village_37,26.5145,92.1062,81400,9990,16650,18,Hub_18,32560.0,99900.0,132460.0,52984.0,105968.0
Assam,Guwahati,Guwahati_Village_38,26.5245,92.11619999999999,83600,10260,17100,18,Hub_18,33440.0,102600.0,136040.0,54416.0,108832.0
Assam,Guwahati,Guwahati_Village_39,26.5345,92.1262,85800,10530,17550,18,Hub_18,34320.0,105300.0,139620.0,55848.0,111696.0
Assam,Guwahati,Guwahati_Village_40,26.5445,92.1362,88000,10800,18000,18,Hub_18,35200.0,108000.0,143200.0,57280.0,114560.0
Assam,Guwahati,Guwahati_Village_41,26.5545,92.1462,90200,11070,18450,18,Hub_18,36080.0,110700.0,146780.0,58712.0,117424.0
Assam,Guwahati,Guwahati_Village_42,26.564500000000002,92.1562,92400,11340,18900,18,Hub_18,36960.0,113400.0,150360.0,60144.0,120288.0
Assam,Guwahati,Guwahati_Village_43,26.5745,92.1662,94600,11610,19350,18,Hub_18,37840.0,116100.0,153940.0,61576.0,123152.0
Assam,Guwahati,Guwahati_Village_44,26.584500000000002,92.1762,96800,11880,19800,18,Hub_18,38720.0,118800.0,157520.0,63008.0,126016.0
Assam,Guwahati,Guwahati_Village_45,26.5945,92.1862,99000,12150,20250,18,Hub_18,39600.0,121500.0,161100.0,64440.0,128880.0
Assam,Guwahati,Guwahati_Village_46,26.6045,92.19619999999999,101200,12420,20700,18,Hub_18,40480.0,124200.0,164680.0,65872.0,131744.0
Assam,Guwahati,Guwahati_Village_47,26.6145,92.2062,103400,12690,21150,18,Hub_18,41360.0,126900.0,168260.0,67304.0,134608.0
Assam,Guwahati,Guwahati_Village_48,26.6245,92.2162,105600,12960,21600,18,Hub_18,42240.0,129600.0,171840.0,68736.0,137472.0
Assam,Guwahati,Guwahati_Village_49,26.6345,92.22619999999999,107800,13230,22050,18,Hub_18,43120.0,132300.0,175420.0,70168.0,140336.0
Assam,Guwahati,Guwahati_Village_50,26.6445,92.2362,110000,13500,22500,18,Hub_18,44000.0,135000.0,179000.0,71600.0,143200.0
Jharkhand,Ranchi,Ranchi_Village_1,23.354100000000003,85.31960000000001,2000,255,360,19,Hub_19,800.0,2550.0,3350.0,1340.0,2680.0
Jharkhand,Ranchi,Ranchi_Village_2,23.3641,85.3296,4000,510,720,19,Hub_19,1600.0,5100.0,6700.0,2680.0,5360.0
Jharkhand,Ranchi,Ranchi_Village_3,23.374100000000002,85.3396,6000,765,1080,19,Hub_19,2400.0,7650.0,10050.0,4020.0,8040.0
Jharkhand,Ranchi,Ranchi_Village_4,23.3841,85.34960000000001,8000,1020,1440,19,Hub_19,3200.0,10200.0,13400.0,5360.0,10720.0
Jharkhand,Ranchi,Ranchi_Village_5,23.3941,85.3596,10000,1275,1800,19,Hub_19,4000.0,12750.0,16750.0,6700.0,13400.0
Jharkhand,Ranchi,Ranchi_Village_6,23.4041,85.3696,12000,1530,2160,19,Hub_19,4800.0,15300.0,20100.0,8040.0,16080.0
Jharkhand,Ranchi,Ranchi_Village_7,23.4141,85.3796,14000,1785,2520,19,Hub_19,5600.0,17850.0,23450.0,9380.0,18760.0
Jharkhand,Ranchi,Ranchi_Village_8,23.4241,85.3896,16000,2040,2880,19,Hub_19,6400.0,20400.0,26800.0,10720.0,21440.0
Jharkhand,Ranchi,Ranchi_Village_9,23.4341,85.3996,18000,2295,3240,19,Hub_19,7200.0,22950.0,30150.0,12060.0,24120.0
Jharkhand,Ranchi,Ranchi_Village_10,23.444100000000002,85.4096,20000,2550,3600,19,Hub_19,8000.0,25500.0,33500.0,13400.0,26800.0
Jharkhand,Ranchi,Ranchi_Village_11,23.4541,85.4196,22000,2805,3960,19,Hub_19,8800.0,28050.0,36850.0,14740.0,29480.0
Jharkhand,Ranchi,Ranchi_Village_12,23.464100000000002,85.42960000000001,24000,3060,4320,19,Hub_19,9600.0,30600.0,40200.0,16080.0,32160.0
Jharkhand,Ranchi,Ranchi_Village_13,23.4741,85.4396,26000,3315,4680,19,Hub_19,10400.0,33150.0,43550.0,17420.0,34840.0
Jharkhand,Ranchi,Ranchi_Village_14,23.4841,85.4496,28000,3570,5040,19,Hub_19,11200.0,35700.0,46900.0,18760.0,37520.0
Jharkhand,Ranchi,Ranchi_Village_15,23.4941,85.45960000000001,30000,3825,5400,19,Hub_19,12000.0,38250.0,50250.0,20100.0,40200.0
Jharkhand,Ranchi,Ranchi_Village_16,23.5041,85.4696,32000,4080,5760,19,Hub_19,12800.0,40800.0,53600.0,21440.0,42880.0
Jharkhand,Ranchi,Ranchi_Village_17,23.514100000000003,85.4796,34000,4335,6120,19,Hub_19,13600.0,43350.0,56950.0,22780.0,45560.0
Jharkhand,Ranchi,Ranchi_Village_18,23.5241,85.48960000000001,36000,4590,6480,19,Hub_19,14400.0,45900.0,60300.0,24120.0,48240.0
Jharkhand,Ranchi,Ranchi_Village_19,23.534100000000002,85.4996,38000,4845,6840,19,Hub_19,15200.0,48450.0,63650.0,25460.0,50920.0
Jharkhand,Ranchi,Ranchi_Village_20,23.5441,85.5096,40000,5100,7200,19,Hub_19,16000.0,51000.0,67000.0,26800.0,53600.0
Jharkhand,Ranchi,Ranchi_Village_21,23.554100000000002,85.5196,42000,5355,7560,19,Hub_19,16800.0,53550.0,70350.0,28140.0,56280.0
Jharkhand,Ranchi,Ranchi_Village_22,23.5641,85.5296,44000,5610,7920,19,Hub_19,17600.0,56100.0,73700.0,29480.0,58960.0
Jharkhand,Ranchi,Ranchi_Village_23,23.5741,85.53960000000001,46000,5865,8280,19,Hub_19,18400.0,58650.0,77050.0,30820.0,61640.0
Jharkhand,Ranchi,Ranchi_Village_24,23.5841,85.5496,48000,6120,8640,19,Hub_19,19200.0,61200.0,80400.0,32160.0,64320.0
Jharkhand,Ranchi,Ranchi_Village_25,23.5941,85.5596,50000,6375,9000,19,Hub_19,20000.0,63750.0,83750.0,33500.0,67000.0
Jharkhand,Ranchi,Ranchi_Village_26,23.604100000000003,85.56960000000001,52000,6630,9360,19,Hub_19,20800.0,66300.0,87100.0,34840.0,69680.0
Jharkhand,Ranchi,Ranchi_Village_27,23.6141,85.5796,54000,6885,9720,19,Hub_19,21600.0,68850.0,90450.0,36180.0,72360.0
Jharkhand,Ranchi,Ranchi_Village_28,23.624100000000002,85.5896,56000,7140,10080,19,Hub_19,22400.0,71400.0,93800.0,37520.0,75040.0
Jharkhand,Ranchi,Ranchi_Village_29,23.6341,85.59960000000001,58000,7395,10440,19,Hub_19,23200.0,73950.0,97150.0,38860.0,77720.0
Jharkhand,Ranchi,Ranchi_Village_30,23.6441,85.6096,60000,7650,10800,19,Hub_19,24000.0,76500.0,100500.0,40200.0,80400.0
Jharkhand,Ranchi,Ranchi_Village_31,23.6541,85.6196,62000,7905,11160,19,Hub_19,24800.0,79050.0,103850.0,41540.0,83080.0
Jharkhand,Ranchi,Ranchi_Village_32,23.6641,85.6296,64000,8160,11520,19,Hub_19,25600.0,81600.0,107200.0,42880.0,85760.0
Jharkhand,Ranchi,Ranchi_Village_33,23.6741,85.6396,66000,8415,11880,19,Hub_19,26400.0,84150.0,110550.0,44220.0,88440.0
Jharkhand,Ranchi,Ranchi_Village_34,23.6841,85.6496,68000,8670,12240,19,Hub_19,27200.0,86700.0,113900.0,45560.0,91120.0
Jharkhand,Ranchi,Ranchi_Village_35,23.694100000000002,85.6596,70000,8925,12600,19,Hub_19,28000.0,89250.0,117250.0,46900.0,93800.0
Jharkhand,Ranchi,Ranchi_Village_36,23.7041,85.6696,72000,9180,12960,19,Hub_19,28800.0,91800.0,120600.0,48240.0,96480.0
Jharkhand,Ranchi,Ranchi_Village_37,23.714100000000002,85.67960000000001,74000,9435,13320,19,Hub_19,29600.0,94350.0,123950.0,49580.0,99160.0
Jharkhand,Ranchi,Ranchi_Village_38,23.7241,85.6896,76000,9690,13680,19,Hub_19,30400.0,96900.0,127300.0,50920.0,101840.0
Jharkhand,Ranchi,Ranchi_Village_39,23.7341,85.6996,78000,9945,14040,19,Hub_19,31200.0,99450.0,130650.0,52260.0,104520.0
Jharkhand,Ranchi,Ranchi_Village_40,23.7441,85.70960000000001,80000,10200,14400,19,Hub_19,32000.0,102000.0,134000.0,53600.0,107200.0
Jharkhand,Ranchi,Ranchi_Village_41,23.7541,85.7196,82000,10455,14760,19,Hub_19,32800.0,104550.0,137350.0,54940.0,109880.0
Jharkhand,Ranchi,Ranchi_Village_42,23.764100000000003,85.7296,84000,10710,15120,19,Hub_19,33600.0,107100.0,140700.0,56280.0,112560.0
Jharkhand,Ranchi,Ranchi_Village_43,23.7741,85.73960000000001,86000,10965,15480,19,Hub_19,34400.0,109650.0,144050.0,57620.0,115240.0
Jharkhand,Ranchi,Ranchi_Village_44,23.784100000000002,85.7496,88000,11220,15840,19,Hub_19,35200.0,112200.0,147400.0,58960.0,117920.0
Jharkhand,Ranchi,Ranchi_Village_45,23.7941,85.7596,90000,11475,16200,19,Hub_19,36000.0,114750.0,150750.0,60300.0,120600.0
Jharkhand,Ranchi,Ranchi_Village_46,23.804100000000002,85.7696,92000,11730,16560,19,Hub_19,36800.0,117300.0,154100.0,61640.0,123280.0
Jharkhand,Ranchi,Ranchi_Village_47,23.8141,85.7796,94000,11985,16920,19,Hub_19,37600.0,119850.0,157450.0,62980.0,125960.0
Jharkhand,Ranchi,Ranchi_Village_48,23.8241,85.78960000000001,96000,12240,17280,19,Hub_19,38400.0,122400.0,160800.0,64320.0,128640.0
Jharkhand,Ranchi,Ranchi_Village_49,23.8341,85.7996,98000,12495,17640,19,Hub_19,39200.0,124950.0,164150.0,65660.0,131320.0
Jharkhand,Ranchi,Ranchi_Village_50,23.8441,85.8096,100000,12750,18000,19,Hub_19,40000.0,127500.0,167500.0,67000.0,134000.0
Chhattisgarh,Raipur,Raipur_Village_1,21.261400000000002,81.6396,1900,285,330,20,Hub_20,760.0,2850.0,3610.0,1444.0,2888.0
Chhattisgarh,Raipur,Raipur_Village_2,21.2714,81.64959999999999,3800,570,660,20,Hub_20,1520.0,5700.0,7220.0,2888.0,5776.0
Chhattisgarh,Raipur,Raipur_Village_3,21.2814,81.6596,5700,855,990,20,Hub_20,2280.0,8550.0,10830.0,4332.0,8664.0
Chhattisgarh,Raipur,Raipur_Village_4,21.2914,81.6696,7600,1140,1320,20,Hub_20,3040.0,11400.0,14440.0,5776.0,11552.0
Chhattisgarh,Raipur,Raipur_Village_5,21.3014,81.6796,9500,1425,1650,20,Hub_20,3800.0,14250.0,18050.0,7220.0,14440.0
Chhattisgarh,Raipur,Raipur_Village_6,21.3114,81.6896,11400,1710,1980,20,Hub_20,4560.0,17100.0,21660.0,8664.0,17328.0
Chhattisgarh,Raipur,Raipur_Village_7,21.3214,81.69959999999999,13300,1995,2310,20,Hub_20,5320.0,19950.0,25270.0,10108.0,20216.0
Chhattisgarh,Raipur,Raipur_Village_8,21.3314,81.7096,15200,2280,2640,20,Hub_20,6080.0,22800.0,28880.0,11552.0,23104.0
Chhattisgarh,Raipur,Raipur_Village_9,21.3414,81.7196,17100,2565,2970,20,Hub_20,6840.0,25650.0,32490.0,12996.0,25992.0
Chhattisgarh,Raipur,Raipur_Village_10,21.3514,81.72959999999999,19000,2850,3300,20,Hub_20,7600.0,28500.0,36100.0,14440.0,28880.0
Chhattisgarh,Raipur,Raipur_Village_11,21.3614,81.7396,20900,3135,3630,20,Hub_20,8360.0,31350.0,39710.0,15884.0,31768.0
Chhattisgarh,Raipur,Raipur_Village_12,21.3714,81.7496,22800,3420,3960,20,Hub_20,9120.0,34200.0,43320.0,17328.0,34656.0
Chhattisgarh,Raipur,Raipur_Village_13,21.3814,81.75959999999999,24700,3705,4290,20,Hub_20,9880.0,37050.0,46930.0,18772.0,37544.0
Chhattisgarh,Raipur,Raipur_Village_14,21.3914,81.7696,26600,3990,4620,20,Hub_20,10640.0,39900.0,50540.0,20216.0,40432.0
Chhattisgarh,Raipur,Raipur_Village_15,21.4014,81.7796,28500,4275,4950,20,Hub_20,11400.0,42750.0,54150.0,21660.0,43320.0
Chhattisgarh,Raipur,Raipur_Village_16,21.4114,81.7896,30400,4560,5280,20,Hub_20,12160.0,45600.0,57760.0,23104.0,46208.0
Chhattisgarh,Raipur,Raipur_Village_17,21.421400000000002,81.7996,32300,4845,5610,20,Hub_20,12920.0,48450.0,61370.0,24548.0,49096.0
Chhattisgarh,Raipur,Raipur_Village_18,21.4314,81.8096,34200,5130,5940,20,Hub_20,13680.0,51300.0,64980.0,25992.0,51984.0
Chhattisgarh,Raipur,Raipur_Village_19,21.4414,81.8196,36100,5415,6270,20,Hub_20,14440.0,54150.0,68590.0,27436.0,54872.0
Chhattisgarh,Raipur,Raipur_Village_20,21.4514,81.8296,38000,5700,6600,20,Hub_20,15200.0,57000.0,72200.0,28880.0,57760.0
Chhattisgarh,Raipur,Raipur_Village_21,21.4614,81.83959999999999,39900,5985,6930,20,Hub_20,15960.0,59850.0,75810.0,30324.0,60648.0
Chhattisgarh,Raipur,Raipur_Village_22,21.4714,81.8496,41800,6270,7260,20,Hub_20,16720.0,62700.0,79420.0,31768.0,63536.0
Chhattisgarh,Raipur,Raipur_Village_23,21.4814,81.8596,43700,6555,7590,20,Hub_20,17480.0,65550.0,83030.0,33212.0,66424.0
Chhattisgarh,Raipur,Raipur_Village_24,21.4914,81.86959999999999,45600,6840,7920,20,Hub_20,18240.0,68400.0,86640.0,34656.0,69312.0
Chhattisgarh,Raipur,Raipur_Village_25,21.5014,81.8796,47500,7125,8250,20,Hub_20,19000.0,71250.0,90250.0,36100.0,72200.0
Chhattisgarh,Raipur,Raipur_Village_26,21.511400000000002,81.8896,49400,7410,8580,20,Hub_20,19760.0,74100.0,93860.0,37544.0,75088.0
Chhattisgarh,Raipur,Raipur_Village_27,21.5214,81.89959999999999,51300,7695,8910,20,Hub_20,20520.0,76950.0,97470.0,38988.0,77976.0
Chhattisgarh,Raipur,Raipur_Village_28,21.5314,81.9096,53200,7980,9240,20,Hub_20,21280.0,79800.0,101080.0,40432.0,80864.0
Chhattisgarh,Raipur,Raipur_Village_29,21.5414,81.9196,55100,8265,9570,20,Hub_20,22040.0,82650.0,104690.0,41876.0,83752.0
Chhattisgarh,Raipur,Raipur_Village_30,21.5514,81.9296,57000,8550,9900,20,Hub_20,22800.0,85500.0,108300.0,43320.0,86640.0
Chhattisgarh,Raipur,Raipur_Village_31,21.5614,81.9396,58900,8835,10230,20,Hub_20,23560.0,88350.0,111910.0,44764.0,89528.0
Chhattisgarh,Raipur,Raipur_Village_32,21.5714,81.94959999999999,60800,9120,10560,20,Hub_20,24320.0,91200.0,115520.0,46208.0,92416.0
Chhattisgarh,Raipur,Raipur_Village_33,21.5814,81.9596,62700,9405,10890,20,Hub_20,25080.0,94050.0,119130.0,47652.0,95304.0
Chhattisgarh,Raipur,Raipur_Village_34,21.5914,81.9696,64600,9690,11220,20,Hub_20,25840.0,96900.0,122740.0,49096.0,98192.0
Chhattisgarh,Raipur,Raipur_Village_35,21.6014,81.97959999999999,66500,9975,11550,20,Hub_20,26600.0,99750.0,126350.0,50540.0,101080.0
Chhattisgarh,Raipur,Raipur_Village_36,21.6114,81.9896,68400,10260,11880,20,Hub_20,27360.0,102600.0,129960.0,51984.0,103968.0
Chhattisgarh,Raipur,Raipur_Village_37,21.6214,81.9996,70300,10545,12210,20,Hub_20,28120.0,105450.0,133570.0,53428.0,106856.0
Chhattisgarh,Raipur,Raipur_Village_38,21.6314,82.00959999999999,72200,10830,12540,20,Hub_20,28880.0,108300.0,137180.0,54872.0,109744.0
Chhattisgarh,Raipur,Raipur_Village_39,21.6414,82.0196,74100,11115,12870,20,Hub_20,29640.0,111150.0,140790.0,56316.0,112632.0
Chhattisgarh,Raipur,Raipur_Village_40,21.6514,82.0296,76000,11400,13200,20,Hub_20,30400.0,114000.0,144400.0,57760.0,115520.0
Chhattisgarh,Raipur,Raipur_Village_41,21.6614,82.0396,77900,11685,13530,20,Hub_20,31160.0,116850.0,148010.0,59204.0,118408.0
Chhattisgarh,Raipur,Raipur_Village_42,21.671400000000002,82.0496,79800,11970,13860,20,Hub_20,31920.0,119700.0,151620.0,60648.0,121296.0
Chhattisgarh,Raipur,Raipur_Village_43,21.6814,82.0596,81700,12255,14190,20,Hub_20,32680.0,122550.0,155230.0,62092.0,124184.0
Chhattisgarh,Raipur,Raipur_Village_44,21.6914,82.0696,83600,12540,14520,20,Hub_20,33440.0,125400.0,158840.0,63536.0,127072.0
Chhattisgarh,Raipur,Raipur_Village_45,21.7014,82.0796,85500,12825,14850,20,Hub_20,34200.0,128250.0,162450.0,64980.0,129960.0
Chhattisgarh,Raipur,Raipur_Village_46,21.7114,82.08959999999999,87400,13110,15180,20,Hub_20,34960.0,131100.0,166060.0,66424.0,132848.0
Chhattisgarh,Raipur,Raipur_Village_47,21.7214,82.0996,89300,13395,15510,20,Hub_20,35720.0,133950.0,169670.0,67868.0,135736.0
Chhattisgarh,Raipur,Raipur_Village_48,21.7314,82.1096,91200,13680,15840,20,Hub_20,36480.0,136800.0,173280.0,69312.0,138624.0
Chhattisgarh,Raipur,Raipur_Village_49,21.7414,82.11959999999999,93100,13965,16170,20,Hub_20,37240.0,139650.0,176890.0,70756.0,141512.0
Chhattisgarh,Raipur,Raipur_Village_50,21.7514,82.1296,95000,14250,16500,20,Hub_20,38000.0,142500.0,180500.0,72200.0,144400.0
